-- MySQL dump 10.13  Distrib 8.0.44, for Win64 (x86_64)
--
-- Host: localhost    Database: parking-system
-- ------------------------------------------------------
-- Server version	8.0.44

/*!40101 SET @OLD_CHARACTER_SET_CLIENT=@@CHARACTER_SET_CLIENT */;
/*!40101 SET @OLD_CHARACTER_SET_RESULTS=@@CHARACTER_SET_RESULTS */;
/*!40101 SET @OLD_COLLATION_CONNECTION=@@COLLATION_CONNECTION */;
/*!50503 SET NAMES utf8mb4 */;
/*!40103 SET @OLD_TIME_ZONE=@@TIME_ZONE */;
/*!40103 SET TIME_ZONE='+00:00' */;
/*!40014 SET @OLD_UNIQUE_CHECKS=@@UNIQUE_CHECKS, UNIQUE_CHECKS=0 */;
/*!40014 SET @OLD_FOREIGN_KEY_CHECKS=@@FOREIGN_KEY_CHECKS, FOREIGN_KEY_CHECKS=0 */;
/*!40101 SET @OLD_SQL_MODE=@@SQL_MODE, SQL_MODE='NO_AUTO_VALUE_ON_ZERO' */;
/*!40111 SET @OLD_SQL_NOTES=@@SQL_NOTES, SQL_NOTES=0 */;

--
-- Table structure for table `audit_log`
--

DROP TABLE IF EXISTS `audit_log`;
/*!40101 SET @saved_cs_client     = @@character_set_client */;
/*!50503 SET character_set_client = utf8mb4 */;
CREATE TABLE `audit_log` (
  `id` bigint NOT NULL AUTO_INCREMENT,
  `usuario` varchar(100) NOT NULL,
  `accion` varchar(50) NOT NULL,
  `tabla_afectada` varchar(100) NOT NULL,
  `registro_id` bigint DEFAULT NULL,
  `sql_ejecutado` text NOT NULL,
  `sql_rollback` text,
  `ip_cliente` varchar(50) DEFAULT NULL,
  `fecha_evento` timestamp NOT NULL DEFAULT CURRENT_TIMESTAMP,
  PRIMARY KEY (`id`)
) ENGINE=InnoDB AUTO_INCREMENT=180 DEFAULT CHARSET=utf8mb4 COLLATE=utf8mb4_0900_ai_ci;
/*!40101 SET character_set_client = @saved_cs_client */;

--
-- Dumping data for table `audit_log`
--

LOCK TABLES `audit_log` WRITE;
/*!40000 ALTER TABLE `audit_log` DISABLE KEYS */;
INSERT INTO `audit_log` VALUES (1,'admin','UPDATE','Vehicle/ParkingSession',29,'UPDATE Vehicle SET exitTime=\"2025-11-14 21:47:21\", status=\"EXITED\", totalAmount=80.00 WHERE id=\"29ba4b02-c1ad-11f0-9387-7427eaf2ac34\"; UPDATE ParkingSession SET exitTime=\"2025-11-14 21:47:21\", duration=230, amount=80.00, status=\"COMPLETED\" WHERE vehicleId=\"29ba4b02-c1ad-11f0-9387-7427eaf2ac34\"; UPDATE ParkingCapacity SET currentCount=currentCount-1 WHERE vehicleType=\"CAR\";','UPDATE Vehicle SET exitTime=NULL, status=\"PARKED\", totalAmount=NULL WHERE id=\"29ba4b02-c1ad-11f0-9387-7427eaf2ac34\"; UPDATE ParkingSession SET exitTime=NULL, duration=NULL, amount=NULL, status=\"ACTIVE\" WHERE vehicleId=\"29ba4b02-c1ad-11f0-9387-7427eaf2ac34\"; UPDATE ParkingCapacity SET currentCount=currentCount+1 WHERE vehicleType=\"CAR\";','localhost','2025-11-15 07:47:21'),(2,'admin','UPDATE','Vehicle/ParkingSession',29,'UPDATE Vehicle SET exitTime=\"2025-11-14 21:48:01\", status=\"EXITED\", totalAmount=40.00 WHERE id=\"29c00346-c1ad-11f0-9387-7427eaf2ac34\"; UPDATE ParkingSession SET exitTime=\"2025-11-14 21:48:01\", duration=231, amount=40.00, status=\"COMPLETED\" WHERE vehicleId=\"29c00346-c1ad-11f0-9387-7427eaf2ac34\"; UPDATE ParkingCapacity SET currentCount=currentCount-1 WHERE vehicleType=\"MOTORCYCLE\";','UPDATE Vehicle SET exitTime=NULL, status=\"PARKED\", totalAmount=NULL WHERE id=\"29c00346-c1ad-11f0-9387-7427eaf2ac34\"; UPDATE ParkingSession SET exitTime=NULL, duration=NULL, amount=NULL, status=\"ACTIVE\" WHERE vehicleId=\"29c00346-c1ad-11f0-9387-7427eaf2ac34\"; UPDATE ParkingCapacity SET currentCount=currentCount+1 WHERE vehicleType=\"MOTORCYCLE\";','localhost','2025-11-15 07:48:01'),(3,'admin','UPDATE','Vehicle/ParkingSession',29,'UPDATE Vehicle SET exitTime=\"2025-11-14 21:48:04\", status=\"EXITED\", totalAmount=160.00 WHERE id=\"29c005ae-c1ad-11f0-9387-7427eaf2ac34\"; UPDATE ParkingSession SET exitTime=\"2025-11-14 21:48:04\", duration=231, amount=160.00, status=\"COMPLETED\" WHERE vehicleId=\"29c005ae-c1ad-11f0-9387-7427eaf2ac34\"; UPDATE ParkingCapacity SET currentCount=currentCount-1 WHERE vehicleType=\"TRUCK\";','UPDATE Vehicle SET exitTime=NULL, status=\"PARKED\", totalAmount=NULL WHERE id=\"29c005ae-c1ad-11f0-9387-7427eaf2ac34\"; UPDATE ParkingSession SET exitTime=NULL, duration=NULL, amount=NULL, status=\"ACTIVE\" WHERE vehicleId=\"29c005ae-c1ad-11f0-9387-7427eaf2ac34\"; UPDATE ParkingCapacity SET currentCount=currentCount+1 WHERE vehicleType=\"TRUCK\";','localhost','2025-11-15 07:48:04'),(4,'admin','INSERT','Vehicle/ParkingSession',0,'INSERT INTO Vehicle (id, plateNumber, vehicleType, status, entryTime) VALUES (\"f95bb5ef-c1cd-11f0-ad5e-7427eaf2ac34\",\"ABC123\",\"CAR\",\"PARKED\",\"2025-11-14 21:51:24\"); ','DELETE FROM Vehicle WHERE id=\"f95bb5ef-c1cd-11f0-ad5e-7427eaf2ac34\"; DELETE FROM ParkingSession WHERE vehicleId=\"f95bb5ef-c1cd-11f0-ad5e-7427eaf2ac34\"; UPDATE ParkingCapacity SET currentCount = currentCount - 1 WHERE vehicleType=\"CAR\";','localhost','2025-11-15 07:51:24'),(5,'admin','INSERT','Vehicle/ParkingSession',50,'INSERT INTO Vehicle (id, plateNumber, vehicleType, status, entryTime) VALUES (\"50f7efa4-c1ce-11f0-ad5e-7427eaf2ac34\",\"OVF546\",\"MOTORCYCLE\",\"PARKED\",\"2025-11-14 21:53:51\"); ','DELETE FROM Vehicle WHERE id=\"50f7efa4-c1ce-11f0-ad5e-7427eaf2ac34\"; DELETE FROM ParkingSession WHERE vehicleId=\"50f7efa4-c1ce-11f0-ad5e-7427eaf2ac34\"; UPDATE ParkingCapacity SET currentCount = currentCount - 1 WHERE vehicleType=\"MOTORCYCLE\";','localhost','2025-11-15 07:53:51'),(6,'admin','INSERT','Vehicle/ParkingSession',55,'INSERT INTO Vehicle (id, plateNumber, vehicleType, status, entryTime) VALUES (\"55c9cb9a-c1ce-11f0-ad5e-7427eaf2ac34\",\"FTY18F\",\"TRUCK\",\"PARKED\",\"2025-11-14 21:53:59\"); ','DELETE FROM Vehicle WHERE id=\"55c9cb9a-c1ce-11f0-ad5e-7427eaf2ac34\"; DELETE FROM ParkingSession WHERE vehicleId=\"55c9cb9a-c1ce-11f0-ad5e-7427eaf2ac34\"; UPDATE ParkingCapacity SET currentCount = currentCount - 1 WHERE vehicleType=\"TRUCK\";','localhost','2025-11-15 07:53:59'),(7,'admin','INSERT','Vehicle/ParkingSession',0,'INSERT INTO Vehicle (id, plateNumber, vehicleType, status, entryTime) VALUES (\"dc858ccf-c1ce-11f0-ad5e-7427eaf2ac34\",\"TEST789\",\"CAR\",\"PARKED\",\"2025-11-14 21:57:45\"); ','DELETE FROM Vehicle WHERE id=\"dc858ccf-c1ce-11f0-ad5e-7427eaf2ac34\"; DELETE FROM ParkingSession WHERE vehicleId=\"dc858ccf-c1ce-11f0-ad5e-7427eaf2ac34\"; UPDATE ParkingCapacity SET currentCount = currentCount - 1 WHERE vehicleType=\"CAR\";','localhost','2025-11-15 07:57:45'),(8,'admin','INSERT','Vehicle/ParkingSession',0,'INSERT INTO Vehicle (id, plateNumber, vehicleType, status, entryTime) VALUES (\"df09d285-c1ce-11f0-ad5e-7427eaf2ac34\",\"TEST999\",\"CAR\",\"PARKED\",\"2025-11-14 21:57:49\"); ','DELETE FROM Vehicle WHERE id=\"df09d285-c1ce-11f0-ad5e-7427eaf2ac34\"; DELETE FROM ParkingSession WHERE vehicleId=\"df09d285-c1ce-11f0-ad5e-7427eaf2ac34\"; UPDATE ParkingCapacity SET currentCount = currentCount - 1 WHERE vehicleType=\"CAR\";','localhost','2025-11-15 07:57:49'),(9,'admin','INSERT','Vehicle/ParkingSession',0,'INSERT INTO Vehicle (id, plateNumber, vehicleType, status, entryTime) VALUES (\"e5e1c1a1-c1ce-11f0-ad5e-7427eaf2ac34\",\"JHK150\",\"TRUCK\",\"PARKED\",\"2025-11-14 21:58:01\"); ','DELETE FROM Vehicle WHERE id=\"e5e1c1a1-c1ce-11f0-ad5e-7427eaf2ac34\"; DELETE FROM ParkingSession WHERE vehicleId=\"e5e1c1a1-c1ce-11f0-ad5e-7427eaf2ac34\"; UPDATE ParkingCapacity SET currentCount = currentCount - 1 WHERE vehicleType=\"TRUCK\";','localhost','2025-11-15 07:58:01'),(10,'admin','UPDATE','Vehicle/ParkingSession',50,'UPDATE Vehicle SET exitTime=\"2025-11-14 21:59:47\", status=\"EXITED\", totalAmount=10.00 WHERE id=\"50f7efa4-c1ce-11f0-ad5e-7427eaf2ac34\"; UPDATE ParkingSession SET exitTime=\"2025-11-14 21:59:47\", duration=5, amount=10.00, status=\"COMPLETED\" WHERE vehicleId=\"50f7efa4-c1ce-11f0-ad5e-7427eaf2ac34\"; UPDATE ParkingCapacity SET currentCount=currentCount-1 WHERE vehicleType=\"MOTORCYCLE\";','UPDATE Vehicle SET exitTime=NULL, status=\"PARKED\", totalAmount=NULL WHERE id=\"50f7efa4-c1ce-11f0-ad5e-7427eaf2ac34\"; UPDATE ParkingSession SET exitTime=NULL, duration=NULL, amount=NULL, status=\"ACTIVE\" WHERE vehicleId=\"50f7efa4-c1ce-11f0-ad5e-7427eaf2ac34\"; UPDATE ParkingCapacity SET currentCount=currentCount+1 WHERE vehicleType=\"MOTORCYCLE\";','localhost','2025-11-15 07:59:47'),(11,'admin','UPDATE','Vehicle/ParkingSession',55,'UPDATE Vehicle SET exitTime=\"2025-11-14 21:59:50\", status=\"EXITED\", totalAmount=40.00 WHERE id=\"55c9cb9a-c1ce-11f0-ad5e-7427eaf2ac34\"; UPDATE ParkingSession SET exitTime=\"2025-11-14 21:59:50\", duration=5, amount=40.00, status=\"COMPLETED\" WHERE vehicleId=\"55c9cb9a-c1ce-11f0-ad5e-7427eaf2ac34\"; UPDATE ParkingCapacity SET currentCount=currentCount-1 WHERE vehicleType=\"TRUCK\";','UPDATE Vehicle SET exitTime=NULL, status=\"PARKED\", totalAmount=NULL WHERE id=\"55c9cb9a-c1ce-11f0-ad5e-7427eaf2ac34\"; UPDATE ParkingSession SET exitTime=NULL, duration=NULL, amount=NULL, status=\"ACTIVE\" WHERE vehicleId=\"55c9cb9a-c1ce-11f0-ad5e-7427eaf2ac34\"; UPDATE ParkingCapacity SET currentCount=currentCount+1 WHERE vehicleType=\"TRUCK\";','localhost','2025-11-15 07:59:50'),(12,'admin','UPDATE','Vehicle/ParkingSession',0,'UPDATE Vehicle SET exitTime=\"2025-11-14 21:59:51\", status=\"EXITED\", totalAmount=20.00 WHERE id=\"f95bb5ef-c1cd-11f0-ad5e-7427eaf2ac34\"; UPDATE ParkingSession SET exitTime=\"2025-11-14 21:59:51\", duration=8, amount=20.00, status=\"COMPLETED\" WHERE vehicleId=\"f95bb5ef-c1cd-11f0-ad5e-7427eaf2ac34\"; UPDATE ParkingCapacity SET currentCount=currentCount-1 WHERE vehicleType=\"CAR\";','UPDATE Vehicle SET exitTime=NULL, status=\"PARKED\", totalAmount=NULL WHERE id=\"f95bb5ef-c1cd-11f0-ad5e-7427eaf2ac34\"; UPDATE ParkingSession SET exitTime=NULL, duration=NULL, amount=NULL, status=\"ACTIVE\" WHERE vehicleId=\"f95bb5ef-c1cd-11f0-ad5e-7427eaf2ac34\"; UPDATE ParkingCapacity SET currentCount=currentCount+1 WHERE vehicleType=\"CAR\";','localhost','2025-11-15 07:59:51'),(13,'admin','UPDATE','Vehicle/ParkingSession',0,'UPDATE Vehicle SET exitTime=\"2025-11-14 22:00:06\", status=\"EXITED\", totalAmount=40.00 WHERE id=\"e5e1c1a1-c1ce-11f0-ad5e-7427eaf2ac34\"; UPDATE ParkingSession SET exitTime=\"2025-11-14 22:00:06\", duration=2, amount=40.00, status=\"COMPLETED\" WHERE vehicleId=\"e5e1c1a1-c1ce-11f0-ad5e-7427eaf2ac34\"; UPDATE ParkingCapacity SET currentCount=currentCount-1 WHERE vehicleType=\"TRUCK\";','UPDATE Vehicle SET exitTime=NULL, status=\"PARKED\", totalAmount=NULL WHERE id=\"e5e1c1a1-c1ce-11f0-ad5e-7427eaf2ac34\"; UPDATE ParkingSession SET exitTime=NULL, duration=NULL, amount=NULL, status=\"ACTIVE\" WHERE vehicleId=\"e5e1c1a1-c1ce-11f0-ad5e-7427eaf2ac34\"; UPDATE ParkingCapacity SET currentCount=currentCount+1 WHERE vehicleType=\"TRUCK\";','localhost','2025-11-15 08:00:06'),(14,'admin','UPDATE','Vehicle/ParkingSession',0,'UPDATE Vehicle SET exitTime=\"2025-11-14 22:00:08\", status=\"EXITED\", totalAmount=20.00 WHERE id=\"df09d285-c1ce-11f0-ad5e-7427eaf2ac34\"; UPDATE ParkingSession SET exitTime=\"2025-11-14 22:00:08\", duration=2, amount=20.00, status=\"COMPLETED\" WHERE vehicleId=\"df09d285-c1ce-11f0-ad5e-7427eaf2ac34\"; UPDATE ParkingCapacity SET currentCount=currentCount-1 WHERE vehicleType=\"CAR\";','UPDATE Vehicle SET exitTime=NULL, status=\"PARKED\", totalAmount=NULL WHERE id=\"df09d285-c1ce-11f0-ad5e-7427eaf2ac34\"; UPDATE ParkingSession SET exitTime=NULL, duration=NULL, amount=NULL, status=\"ACTIVE\" WHERE vehicleId=\"df09d285-c1ce-11f0-ad5e-7427eaf2ac34\"; UPDATE ParkingCapacity SET currentCount=currentCount+1 WHERE vehicleType=\"CAR\";','localhost','2025-11-15 08:00:08'),(15,'admin','UPDATE','Vehicle/ParkingSession',0,'UPDATE Vehicle SET exitTime=\"2025-11-14 22:00:09\", status=\"EXITED\", totalAmount=20.00 WHERE id=\"dc858ccf-c1ce-11f0-ad5e-7427eaf2ac34\"; UPDATE ParkingSession SET exitTime=\"2025-11-14 22:00:09\", duration=2, amount=20.00, status=\"COMPLETED\" WHERE vehicleId=\"dc858ccf-c1ce-11f0-ad5e-7427eaf2ac34\"; UPDATE ParkingCapacity SET currentCount=currentCount-1 WHERE vehicleType=\"CAR\";','UPDATE Vehicle SET exitTime=NULL, status=\"PARKED\", totalAmount=NULL WHERE id=\"dc858ccf-c1ce-11f0-ad5e-7427eaf2ac34\"; UPDATE ParkingSession SET exitTime=NULL, duration=NULL, amount=NULL, status=\"ACTIVE\" WHERE vehicleId=\"dc858ccf-c1ce-11f0-ad5e-7427eaf2ac34\"; UPDATE ParkingCapacity SET currentCount=currentCount+1 WHERE vehicleType=\"CAR\";','localhost','2025-11-15 08:00:09'),(16,'admin','INSERT','Vehicle/ParkingSession',50,'INSERT INTO Vehicle (id, plateNumber, vehicleType, status, entryTime) VALUES (\"50b5c2a8-c1cf-11f0-ad5e-7427eaf2ac34\",\"ABC123\",\"MOTORCYCLE\",\"PARKED\",\"2025-11-14 22:01:00\"); ','DELETE FROM Vehicle WHERE id=\"50b5c2a8-c1cf-11f0-ad5e-7427eaf2ac34\"; DELETE FROM ParkingSession WHERE vehicleId=\"50b5c2a8-c1cf-11f0-ad5e-7427eaf2ac34\"; UPDATE ParkingCapacity SET currentCount = currentCount - 1 WHERE vehicleType=\"MOTORCYCLE\";','localhost','2025-11-15 08:01:00'),(17,'admin','INSERT','Vehicle/ParkingSession',8534,'INSERT INTO Vehicle (id, plateNumber, vehicleType, status, entryTime) VALUES (\"8534d956-c1cf-11f0-ad5e-7427eaf2ac34\",\"OVF546\",\"TRUCK\",\"PARKED\",\"2025-11-14 22:02:28\"); ','DELETE FROM Vehicle WHERE id=\"8534d956-c1cf-11f0-ad5e-7427eaf2ac34\"; DELETE FROM ParkingSession WHERE vehicleId=\"8534d956-c1cf-11f0-ad5e-7427eaf2ac34\"; UPDATE ParkingCapacity SET currentCount = currentCount - 1 WHERE vehicleType=\"TRUCK\";','localhost','2025-11-15 08:02:28'),(18,'admin','INSERT','Vehicle/ParkingSession',87,'INSERT INTO Vehicle (id, plateNumber, vehicleType, status, entryTime) VALUES (\"87ca02d1-c1cf-11f0-ad5e-7427eaf2ac34\",\"JHK150\",\"TRUCK\",\"PARKED\",\"2025-11-14 22:02:32\"); ','DELETE FROM Vehicle WHERE id=\"87ca02d1-c1cf-11f0-ad5e-7427eaf2ac34\"; DELETE FROM ParkingSession WHERE vehicleId=\"87ca02d1-c1cf-11f0-ad5e-7427eaf2ac34\"; UPDATE ParkingCapacity SET currentCount = currentCount - 1 WHERE vehicleType=\"TRUCK\";','localhost','2025-11-15 08:02:32'),(19,'admin','INSERT','Vehicle/ParkingSession',8,'INSERT INTO Vehicle (id, plateNumber, vehicleType, status, entryTime) VALUES (\"8a3c6119-c1cf-11f0-ad5e-7427eaf2ac34\",\"FTY18F\",\"MOTORCYCLE\",\"PARKED\",\"2025-11-14 22:02:37\"); ','DELETE FROM Vehicle WHERE id=\"8a3c6119-c1cf-11f0-ad5e-7427eaf2ac34\"; DELETE FROM ParkingSession WHERE vehicleId=\"8a3c6119-c1cf-11f0-ad5e-7427eaf2ac34\"; UPDATE ParkingCapacity SET currentCount = currentCount - 1 WHERE vehicleType=\"MOTORCYCLE\";','localhost','2025-11-15 08:02:37'),(20,'admin','INSERT','Vehicle/ParkingSession',0,'INSERT INTO Vehicle (id, plateNumber, vehicleType, status, entryTime) VALUES (\"a1c4f5e7-c1cf-11f0-ad5e-7427eaf2ac34\",\"TEST789\",\"TRUCK\",\"PARKED\",\"2025-11-14 22:03:16\"); ','DELETE FROM Vehicle WHERE id=\"a1c4f5e7-c1cf-11f0-ad5e-7427eaf2ac34\"; DELETE FROM ParkingSession WHERE vehicleId=\"a1c4f5e7-c1cf-11f0-ad5e-7427eaf2ac34\"; UPDATE ParkingCapacity SET currentCount = currentCount - 1 WHERE vehicleType=\"TRUCK\";','localhost','2025-11-15 08:03:16'),(21,'admin','INSERT','Vehicle/ParkingSession',0,'INSERT INTO Vehicle (id, plateNumber, vehicleType, status, entryTime) VALUES (\"a48f9b1a-c1cf-11f0-ad5e-7427eaf2ac34\",\"TEST999\",\"MOTORCYCLE\",\"PARKED\",\"2025-11-14 22:03:21\"); ','DELETE FROM Vehicle WHERE id=\"a48f9b1a-c1cf-11f0-ad5e-7427eaf2ac34\"; DELETE FROM ParkingSession WHERE vehicleId=\"a48f9b1a-c1cf-11f0-ad5e-7427eaf2ac34\"; UPDATE ParkingCapacity SET currentCount = currentCount - 1 WHERE vehicleType=\"MOTORCYCLE\";','localhost','2025-11-15 08:03:21'),(22,'admin','UPDATE','Vehicle/ParkingSession',0,'UPDATE Vehicle SET exitTime=\"2025-11-14 23:08:15\", status=\"EXITED\", totalAmount=20.00 WHERE id=\"a48f9b1a-c1cf-11f0-ad5e-7427eaf2ac34\"; UPDATE ParkingSession SET exitTime=\"2025-11-14 23:08:15\", duration=64, amount=20.00, status=\"COMPLETED\" WHERE vehicleId=\"a48f9b1a-c1cf-11f0-ad5e-7427eaf2ac34\"; UPDATE ParkingCapacity SET currentCount=currentCount-1 WHERE vehicleType=\"MOTORCYCLE\";','UPDATE Vehicle SET exitTime=NULL, status=\"PARKED\", totalAmount=NULL WHERE id=\"a48f9b1a-c1cf-11f0-ad5e-7427eaf2ac34\"; UPDATE ParkingSession SET exitTime=NULL, duration=NULL, amount=NULL, status=\"ACTIVE\" WHERE vehicleId=\"a48f9b1a-c1cf-11f0-ad5e-7427eaf2ac34\"; UPDATE ParkingCapacity SET currentCount=currentCount+1 WHERE vehicleType=\"MOTORCYCLE\";','localhost','2025-11-15 09:08:15'),(23,'admin','UPDATE','Vehicle/ParkingSession',0,'UPDATE Vehicle SET exitTime=\"2025-11-14 23:08:16\", status=\"EXITED\", totalAmount=80.00 WHERE id=\"a1c4f5e7-c1cf-11f0-ad5e-7427eaf2ac34\"; UPDATE ParkingSession SET exitTime=\"2025-11-14 23:08:16\", duration=65, amount=80.00, status=\"COMPLETED\" WHERE vehicleId=\"a1c4f5e7-c1cf-11f0-ad5e-7427eaf2ac34\"; UPDATE ParkingCapacity SET currentCount=currentCount-1 WHERE vehicleType=\"TRUCK\";','UPDATE Vehicle SET exitTime=NULL, status=\"PARKED\", totalAmount=NULL WHERE id=\"a1c4f5e7-c1cf-11f0-ad5e-7427eaf2ac34\"; UPDATE ParkingSession SET exitTime=NULL, duration=NULL, amount=NULL, status=\"ACTIVE\" WHERE vehicleId=\"a1c4f5e7-c1cf-11f0-ad5e-7427eaf2ac34\"; UPDATE ParkingCapacity SET currentCount=currentCount+1 WHERE vehicleType=\"TRUCK\";','localhost','2025-11-15 09:08:16'),(24,'admin','UPDATE','Vehicle/ParkingSession',8,'UPDATE Vehicle SET exitTime=\"2025-11-14 23:08:17\", status=\"EXITED\", totalAmount=20.00 WHERE id=\"8a3c6119-c1cf-11f0-ad5e-7427eaf2ac34\"; UPDATE ParkingSession SET exitTime=\"2025-11-14 23:08:17\", duration=65, amount=20.00, status=\"COMPLETED\" WHERE vehicleId=\"8a3c6119-c1cf-11f0-ad5e-7427eaf2ac34\"; UPDATE ParkingCapacity SET currentCount=currentCount-1 WHERE vehicleType=\"MOTORCYCLE\";','UPDATE Vehicle SET exitTime=NULL, status=\"PARKED\", totalAmount=NULL WHERE id=\"8a3c6119-c1cf-11f0-ad5e-7427eaf2ac34\"; UPDATE ParkingSession SET exitTime=NULL, duration=NULL, amount=NULL, status=\"ACTIVE\" WHERE vehicleId=\"8a3c6119-c1cf-11f0-ad5e-7427eaf2ac34\"; UPDATE ParkingCapacity SET currentCount=currentCount+1 WHERE vehicleType=\"MOTORCYCLE\";','localhost','2025-11-15 09:08:17'),(25,'admin','UPDATE','Vehicle/ParkingSession',87,'UPDATE Vehicle SET exitTime=\"2025-11-14 23:08:18\", status=\"EXITED\", totalAmount=80.00 WHERE id=\"87ca02d1-c1cf-11f0-ad5e-7427eaf2ac34\"; UPDATE ParkingSession SET exitTime=\"2025-11-14 23:08:18\", duration=65, amount=80.00, status=\"COMPLETED\" WHERE vehicleId=\"87ca02d1-c1cf-11f0-ad5e-7427eaf2ac34\"; UPDATE ParkingCapacity SET currentCount=currentCount-1 WHERE vehicleType=\"TRUCK\";','UPDATE Vehicle SET exitTime=NULL, status=\"PARKED\", totalAmount=NULL WHERE id=\"87ca02d1-c1cf-11f0-ad5e-7427eaf2ac34\"; UPDATE ParkingSession SET exitTime=NULL, duration=NULL, amount=NULL, status=\"ACTIVE\" WHERE vehicleId=\"87ca02d1-c1cf-11f0-ad5e-7427eaf2ac34\"; UPDATE ParkingCapacity SET currentCount=currentCount+1 WHERE vehicleType=\"TRUCK\";','localhost','2025-11-15 09:08:18'),(26,'admin','UPDATE','Vehicle/ParkingSession',8534,'UPDATE Vehicle SET exitTime=\"2025-11-14 23:08:19\", status=\"EXITED\", totalAmount=80.00 WHERE id=\"8534d956-c1cf-11f0-ad5e-7427eaf2ac34\"; UPDATE ParkingSession SET exitTime=\"2025-11-14 23:08:19\", duration=65, amount=80.00, status=\"COMPLETED\" WHERE vehicleId=\"8534d956-c1cf-11f0-ad5e-7427eaf2ac34\"; UPDATE ParkingCapacity SET currentCount=currentCount-1 WHERE vehicleType=\"TRUCK\";','UPDATE Vehicle SET exitTime=NULL, status=\"PARKED\", totalAmount=NULL WHERE id=\"8534d956-c1cf-11f0-ad5e-7427eaf2ac34\"; UPDATE ParkingSession SET exitTime=NULL, duration=NULL, amount=NULL, status=\"ACTIVE\" WHERE vehicleId=\"8534d956-c1cf-11f0-ad5e-7427eaf2ac34\"; UPDATE ParkingCapacity SET currentCount=currentCount+1 WHERE vehicleType=\"TRUCK\";','localhost','2025-11-15 09:08:19'),(27,'admin','UPDATE','Vehicle/ParkingSession',50,'UPDATE Vehicle SET exitTime=\"2025-11-14 23:08:20\", status=\"EXITED\", totalAmount=20.00 WHERE id=\"50b5c2a8-c1cf-11f0-ad5e-7427eaf2ac34\"; UPDATE ParkingSession SET exitTime=\"2025-11-14 23:08:20\", duration=67, amount=20.00, status=\"COMPLETED\" WHERE vehicleId=\"50b5c2a8-c1cf-11f0-ad5e-7427eaf2ac34\"; UPDATE ParkingCapacity SET currentCount=currentCount-1 WHERE vehicleType=\"MOTORCYCLE\";','UPDATE Vehicle SET exitTime=NULL, status=\"PARKED\", totalAmount=NULL WHERE id=\"50b5c2a8-c1cf-11f0-ad5e-7427eaf2ac34\"; UPDATE ParkingSession SET exitTime=NULL, duration=NULL, amount=NULL, status=\"ACTIVE\" WHERE vehicleId=\"50b5c2a8-c1cf-11f0-ad5e-7427eaf2ac34\"; UPDATE ParkingCapacity SET currentCount=currentCount+1 WHERE vehicleType=\"MOTORCYCLE\";','localhost','2025-11-15 09:08:20'),(28,'admin','INSERT','Vehicle/ParkingSession',0,'INSERT INTO Vehicle (id, plateNumber, vehicleType, status, entryTime) VALUES (\"e3616189-c1d8-11f0-ad5e-7427eaf2ac34\",\"JHK150\",\"TRUCK\",\"PARKED\",\"2025-11-14 23:09:32\"); ','DELETE FROM Vehicle WHERE id=\"e3616189-c1d8-11f0-ad5e-7427eaf2ac34\"; DELETE FROM ParkingSession WHERE vehicleId=\"e3616189-c1d8-11f0-ad5e-7427eaf2ac34\"; UPDATE ParkingCapacity SET currentCount = currentCount - 1 WHERE vehicleType=\"TRUCK\";','localhost','2025-11-15 09:09:32'),(29,'admin','INSERT','Vehicle/ParkingSession',0,'INSERT INTO Vehicle (id, plateNumber, vehicleType, status, entryTime) VALUES (\"f09ae94c-c1d9-11f0-ad5e-7427eaf2ac34\",\"FTY18F\",\"MOTORCYCLE\",\"PARKED\",\"2025-11-14 23:17:03\"); ','DELETE FROM Vehicle WHERE id=\"f09ae94c-c1d9-11f0-ad5e-7427eaf2ac34\"; DELETE FROM ParkingSession WHERE vehicleId=\"f09ae94c-c1d9-11f0-ad5e-7427eaf2ac34\"; UPDATE ParkingCapacity SET currentCount = currentCount - 1 WHERE vehicleType=\"MOTORCYCLE\";','localhost','2025-11-15 09:17:03'),(30,'admin','UPDATE','Vehicle/ParkingSession',0,'UPDATE Vehicle SET exitTime=\"2025-11-14 23:40:12\", status=\"EXITED\", totalAmount=10.00 WHERE id=\"f09ae94c-c1d9-11f0-ad5e-7427eaf2ac34\"; UPDATE ParkingSession SET exitTime=\"2025-11-14 23:40:12\", duration=23, amount=10.00, status=\"COMPLETED\" WHERE vehicleId=\"f09ae94c-c1d9-11f0-ad5e-7427eaf2ac34\"; UPDATE ParkingCapacity SET currentCount=currentCount-1 WHERE vehicleType=\"MOTORCYCLE\";','UPDATE Vehicle SET exitTime=NULL, status=\"PARKED\", totalAmount=NULL WHERE id=\"f09ae94c-c1d9-11f0-ad5e-7427eaf2ac34\"; UPDATE ParkingSession SET exitTime=NULL, duration=NULL, amount=NULL, status=\"ACTIVE\" WHERE vehicleId=\"f09ae94c-c1d9-11f0-ad5e-7427eaf2ac34\"; UPDATE ParkingCapacity SET currentCount=currentCount+1 WHERE vehicleType=\"MOTORCYCLE\";','localhost','2025-11-15 09:40:12'),(31,'admin','UPDATE','Vehicle/ParkingSession',0,'UPDATE Vehicle SET exitTime=\"2025-11-14 23:40:13\", status=\"EXITED\", totalAmount=40.00 WHERE id=\"e3616189-c1d8-11f0-ad5e-7427eaf2ac34\"; UPDATE ParkingSession SET exitTime=\"2025-11-14 23:40:13\", duration=30, amount=40.00, status=\"COMPLETED\" WHERE vehicleId=\"e3616189-c1d8-11f0-ad5e-7427eaf2ac34\"; UPDATE ParkingCapacity SET currentCount=currentCount-1 WHERE vehicleType=\"TRUCK\";','UPDATE Vehicle SET exitTime=NULL, status=\"PARKED\", totalAmount=NULL WHERE id=\"e3616189-c1d8-11f0-ad5e-7427eaf2ac34\"; UPDATE ParkingSession SET exitTime=NULL, duration=NULL, amount=NULL, status=\"ACTIVE\" WHERE vehicleId=\"e3616189-c1d8-11f0-ad5e-7427eaf2ac34\"; UPDATE ParkingCapacity SET currentCount=currentCount+1 WHERE vehicleType=\"TRUCK\";','localhost','2025-11-15 09:40:13'),(32,'admin','INSERT','Users',916,'INSERT INTO Users (id, username, email, role) VALUES (\'916fd3c4-60f8-4dd9-98f3-5a53bf036c8e\',\'john_test\',\'john@example.com\',\'OPERATOR\');','UPDATE Users SET isActive = FALSE WHERE id=\'916fd3c4-60f8-4dd9-98f3-5a53bf036c8e\';','localhost','2025-11-16 03:51:18'),(35,'admin','DELETE','Users',916,'UPDATE Users SET isActive = FALSE WHERE id=\'916fd3c4-60f8-4dd9-98f3-5a53bf036c8e\';','UPDATE Users SET isActive = TRUE WHERE id=\'916fd3c4-60f8-4dd9-98f3-5a53bf036c8e\';','localhost','2025-11-16 04:33:25'),(36,'admin','INSERT','Users',9223372036854775807,'INSERT INTO Users (id, username, email, role) VALUES (\'30e68280-e1b4-4f17-bc19-e9a12402c6de\',\'jeimyrl\',\'jeimy@example.com\',\'OPERATOR\');','UPDATE Users SET isActive = FALSE WHERE id=\'30e68280-e1b4-4f17-bc19-e9a12402c6de\';','localhost','2025-11-16 04:34:24'),(37,'admin','UPDATE','Users',9223372036854775807,'UPDATE Users SET email=\'jeimy.rl@example.com\', password=\'[ENCRYPTED]\' WHERE id=\'30e68280-e1b4-4f17-bc19-e9a12402c6de\';','UPDATE Users SET\n        username=\'jeimyrl\',\n        email=\'jeimy@example.com\',\n        role=\'OPERATOR\'\n      WHERE id=\'30e68280-e1b4-4f17-bc19-e9a12402c6de\';','localhost','2025-11-16 05:47:05'),(38,'admin','DELETE','Users',9223372036854775807,'UPDATE Users SET isActive = FALSE WHERE id=\'30e68280-e1b4-4f17-bc19-e9a12402c6de\';','UPDATE Users SET isActive = TRUE WHERE id=\'30e68280-e1b4-4f17-bc19-e9a12402c6de\';','::ffff:192.168.0.100','2025-11-17 05:01:51'),(39,'admin','UPDATE','Users',9223372036854775807,'UPDATE Users SET username = \'jeimy.rl\' WHERE id=\'30e68280-e1b4-4f17-bc19-e9a12402c6de\';','UPDATE Users SET\n        username=\'jeimyrl\',\n        email=\'jeimy.rl@example.com\',\n        role=\'OPERATOR\'\n      WHERE id=\'30e68280-e1b4-4f17-bc19-e9a12402c6de\';','::ffff:192.168.0.100','2025-11-17 06:49:03'),(40,'admin','UPDATE','Users',916,'UPDATE Users SET username=\'johntest\' WHERE id=\'916fd3c4-60f8-4dd9-98f3-5a53bf036c8e\';','UPDATE Users SET\n        username=\'john_test\',\n        email=\'john@example.com\',\n        role=\'OPERATOR\'\n      WHERE id=\'916fd3c4-60f8-4dd9-98f3-5a53bf036c8e\';','::ffff:192.168.0.100','2025-11-17 06:49:34'),(41,'admin','INSERT','Users',0,'INSERT INTO Users (id, username, email, role) VALUES (\'aab8cc09-4fc5-4720-b0be-9fc3671afbba\',\'Operador\',\'operador@parqueadero.com\',\'OPERATOR\');','UPDATE Users SET isActive = FALSE WHERE id=\'aab8cc09-4fc5-4720-b0be-9fc3671afbba\';','::ffff:192.168.0.100','2025-11-17 07:08:03'),(42,'jeimy.rl','INSERT','Vehicle/ParkingSession',0,'INSERT INTO Vehicle (id, plateNumber, vehicleType, status, entryTime) VALUES (\"ae82c7d8-c366-11f0-9c02-7427eaf2ac34\",\"FTY18F\",\"MOTORCYCLE\",\"PARKED\",\"2025-11-16 22:37:03\"); ','DELETE FROM Vehicle WHERE id=\"ae82c7d8-c366-11f0-9c02-7427eaf2ac34\"; DELETE FROM ParkingSession WHERE vehicleId=\"ae82c7d8-c366-11f0-9c02-7427eaf2ac34\"; UPDATE ParkingCapacity SET currentCount = currentCount - 1 WHERE vehicleType=\"MOTORCYCLE\";','localhost','2025-11-17 08:37:03'),(43,'jeimy.rl','UPDATE','Vehicle/ParkingSession',0,'UPDATE Vehicle SET exitTime=\"2025-11-16 22:50:04\", status=\"EXITED\", totalAmount=10.00 WHERE id=\"ae82c7d8-c366-11f0-9c02-7427eaf2ac34\"; UPDATE ParkingSession SET exitTime=\"2025-11-16 22:50:04\", duration=13, amount=10.00, status=\"COMPLETED\" WHERE vehicleId=\"ae82c7d8-c366-11f0-9c02-7427eaf2ac34\"; UPDATE ParkingCapacity SET currentCount=currentCount-1 WHERE vehicleType=\"MOTORCYCLE\";','UPDATE Vehicle SET exitTime=NULL, status=\"PARKED\", totalAmount=NULL WHERE id=\"ae82c7d8-c366-11f0-9c02-7427eaf2ac34\"; UPDATE ParkingSession SET exitTime=NULL, duration=NULL, amount=NULL, status=\"ACTIVE\" WHERE vehicleId=\"ae82c7d8-c366-11f0-9c02-7427eaf2ac34\"; UPDATE ParkingCapacity SET currentCount=currentCount+1 WHERE vehicleType=\"MOTORCYCLE\";','localhost','2025-11-17 08:50:04'),(46,'admin','BACKUP_CREATE','SYSTEM',0,'GENERATED JSON BACKUP: backup-1763423128973.json','CANNOT ROLLBACK FILE CREATION','::ffff:192.168.0.100','2025-11-17 11:45:29'),(60,'admin','BACKUP_CREATE','SYSTEM',0,'GENERATED JSON BACKUP: backup-1763430951906.json','CANNOT ROLLBACK FILE CREATION','::ffff:192.168.0.100','2025-11-17 13:55:51'),(61,'admin','BACKUP_DOWNLOAD','SYSTEM',0,'DOWNLOAD JSON BACKUP: backup-1763430951906.json','CANNOT ROLLBACK DOWNLOAD OPERATION','::ffff:192.168.0.100','2025-11-17 14:17:08'),(62,'admin','INSERT','Vehicle/ParkingSession',929608,'INSERT INTO Vehicle (id, plateNumber, vehicleType, status, entryTime) VALUES (\"929608d5-c4b0-11f0-b0ee-7427eaf2ac34\",\"ABC123\",\"CAR\",\"PARKED\",\"2025-11-18 13:58:30\"); ','DELETE FROM Vehicle WHERE id=\"929608d5-c4b0-11f0-b0ee-7427eaf2ac34\"; DELETE FROM ParkingSession WHERE vehicleId=\"929608d5-c4b0-11f0-b0ee-7427eaf2ac34\"; UPDATE ParkingCapacity SET currentCount = currentCount - 1 WHERE vehicleType=\"CAR\";','localhost','2025-11-18 23:58:30'),(63,'admin','UPDATE','Vehicle/ParkingSession',929608,'UPDATE Vehicle SET exitTime=\"2025-11-18 14:00:44\", status=\"EXITED\", totalAmount=20.00 WHERE id=\"929608d5-c4b0-11f0-b0ee-7427eaf2ac34\"; UPDATE ParkingSession SET exitTime=\"2025-11-18 14:00:44\", duration=2, amount=20.00, status=\"COMPLETED\" WHERE vehicleId=\"929608d5-c4b0-11f0-b0ee-7427eaf2ac34\"; UPDATE ParkingCapacity SET currentCount=currentCount-1 WHERE vehicleType=\"CAR\";','UPDATE Vehicle SET exitTime=NULL, status=\"PARKED\", totalAmount=NULL WHERE id=\"929608d5-c4b0-11f0-b0ee-7427eaf2ac34\"; UPDATE ParkingSession SET exitTime=NULL, duration=NULL, amount=NULL, status=\"ACTIVE\" WHERE vehicleId=\"929608d5-c4b0-11f0-b0ee-7427eaf2ac34\"; UPDATE ParkingCapacity SET currentCount=currentCount+1 WHERE vehicleType=\"CAR\";','localhost','2025-11-19 00:00:44'),(64,'admin','BACKUP_CREATE','SYSTEM',0,'GENERATED JSON BACKUP: backup-1763508906368.json','CANNOT ROLLBACK FILE CREATION','::ffff:192.168.0.100','2025-11-19 04:35:06'),(65,'admin','BACKUP_CREATE','SYSTEM',0,'SQL BACKUP: backup-sql-2025-11-18.sql','CANNOT ROLLBACK FILE CREATION','::ffff:192.168.0.100','2025-11-19 04:52:39'),(66,'admin','BACKUP_CREATE','SYSTEM',0,'GENERATED JSON BACKUP: backup-1763512416761.json','CANNOT ROLLBACK FILE CREATION','::ffff:192.168.0.100','2025-11-19 05:33:36'),(67,'admin','BACKUP_CREATE','SYSTEM',0,'GENERATED JSON BACKUP: backup-1763512488775.json','CANNOT ROLLBACK FILE CREATION','::ffff:192.168.0.100','2025-11-19 05:34:48'),(68,'admin','BACKUP_CREATE','SYSTEM',0,'SQL BACKUP: backup-sql-2025-11-19.sql','CANNOT ROLLBACK FILE CREATION','::ffff:192.168.0.100','2025-11-19 05:35:04'),(69,'admin','BACKUP_CREATE','SYSTEM',0,'GENERATED JSON BACKUP: backup-json-2025-11-19.json','CANNOT ROLLBACK FILE CREATION','::ffff:192.168.0.100','2025-11-19 05:40:11'),(70,'admin','BACKUP_CREATE','SYSTEM',0,'GENERATED JSON BACKUP: backup-json-18-11-2025_20-30-29.json','CANNOT ROLLBACK FILE CREATION','::ffff:192.168.0.100','2025-11-19 06:30:29'),(71,'admin','BACKUP_CREATE','SYSTEM',0,'SQL BACKUP: backup-sql-18-11-2025_20-30-51.sql','CANNOT ROLLBACK FILE CREATION','::ffff:192.168.0.100','2025-11-19 06:30:52'),(72,'admin','BACKUP_CREATE','SYSTEM',0,'GENERATED JSON BACKUP: backup-json-18-11-2025_20-34-16.json','CANNOT ROLLBACK FILE CREATION','::ffff:192.168.0.100','2025-11-19 06:34:16'),(73,'admin','BACKUP_CREATE','SYSTEM',0,'SQL BACKUP: backup-sql-18-11-2025_20-34-21.sql','CANNOT ROLLBACK FILE CREATION','::ffff:192.168.0.100','2025-11-19 06:34:21'),(74,'admin','BACKUP_DOWNLOAD','SYSTEM',0,'DOWNLOAD JSON BACKUP: backup-sql-18-11-2025_20-34-21.sql','CANNOT ROLLBACK DOWNLOAD OPERATION','::ffff:192.168.0.100','2025-11-19 06:47:12'),(75,'admin','BACKUP_DOWNLOAD','SYSTEM',0,'DOWNLOAD JSON BACKUP: backup-json-18-11-2025_20-34-16.json','CANNOT ROLLBACK DOWNLOAD OPERATION','::ffff:192.168.0.100','2025-11-19 06:47:17'),(76,'admin','BACKUP_DOWNLOAD','SYSTEM',0,'DOWNLOAD JSON BACKUP: backup-sql-18-11-2025_20-30-51.sql','CANNOT ROLLBACK DOWNLOAD OPERATION','::ffff:192.168.0.100','2025-11-19 06:47:21'),(77,'admin','BACKUP_DOWNLOAD','SYSTEM',0,'DOWNLOAD JSON BACKUP: backup-json-18-11-2025_20-30-29.json','CANNOT ROLLBACK DOWNLOAD OPERATION','::ffff:192.168.0.100','2025-11-19 06:47:24'),(78,'admin','BACKUP_DOWNLOAD','SYSTEM',0,'DOWNLOAD JSON BACKUP: backup-json-18-11-2025_20-30-29.json','CANNOT ROLLBACK DOWNLOAD OPERATION','::ffff:192.168.0.100','2025-11-19 06:47:38'),(79,'admin','BACKUP_DOWNLOAD','SYSTEM',0,'DOWNLOAD JSON BACKUP: backup-sql-18-11-2025_20-34-21.sql','CANNOT ROLLBACK DOWNLOAD OPERATION','::ffff:192.168.0.100','2025-11-19 06:48:30'),(80,'admin','BACKUP_DOWNLOAD','SYSTEM',0,'DOWNLOAD JSON BACKUP: backup-json-18-11-2025_20-34-16.json','CANNOT ROLLBACK DOWNLOAD OPERATION','::ffff:192.168.0.100','2025-11-19 06:48:33'),(81,'admin','BACKUP_DOWNLOAD','SYSTEM',0,'DOWNLOAD JSON BACKUP: backup-sql-18-11-2025_20-30-51.sql','CANNOT ROLLBACK DOWNLOAD OPERATION','::ffff:192.168.0.100','2025-11-19 06:48:35'),(82,'admin','BACKUP_DOWNLOAD','SYSTEM',0,'DOWNLOAD JSON BACKUP: backup-json-18-11-2025_20-30-29.json','CANNOT ROLLBACK DOWNLOAD OPERATION','::ffff:192.168.0.100','2025-11-19 06:48:37'),(104,'admin','BACKUP_CREATE','SYSTEM',0,'GENERATED JSON BACKUP: backup-json-18-11-2025_21-52-32.json','CANNOT ROLLBACK FILE CREATION','::ffff:192.168.0.100','2025-11-19 07:52:32'),(106,'admin','BACKUP_CREATE','SYSTEM',0,'SQL BACKUP: backup-sql-18-11-2025_21-52-45.sql','CANNOT ROLLBACK FILE CREATION','::ffff:192.168.0.100','2025-11-19 07:52:46'),(108,'admin','BACKUP_CREATE','SYSTEM',0,'GENERATED JSON BACKUP: backup-json-18-11-2025_21-54-25.json','CANNOT ROLLBACK FILE CREATION','::ffff:192.168.0.100','2025-11-19 07:54:25'),(110,'admin','BACKUP_CREATE','SYSTEM',0,'SQL BACKUP: backup-sql-24-11-2025_17-38-55.sql','CANNOT ROLLBACK FILE CREATION','::1','2025-11-24 22:38:56'),(111,'admin','BACKUP_CREATE','SYSTEM',0,'GENERATED JSON BACKUP: backup-json-24-11-2025_17-40-55.json','CANNOT ROLLBACK FILE CREATION','::1','2025-11-24 22:40:56'),(112,'admin','INSERT','Vehicle/ParkingSession',0,'INSERT INTO Vehicle (id, plateNumber, vehicleType, status, entryTime) VALUES (\"5addc92e-c98c-11f0-b384-7427eaf2ac34\",\"ABC123\",\"CAR\",\"PARKED\",\"2025-11-24 18:21:50\"); ','DELETE FROM Vehicle WHERE id=\"5addc92e-c98c-11f0-b384-7427eaf2ac34\"; DELETE FROM ParkingSession WHERE vehicleId=\"5addc92e-c98c-11f0-b384-7427eaf2ac34\"; UPDATE ParkingCapacity SET currentCount = currentCount - 1 WHERE vehicleType=\"CAR\";','localhost','2025-11-24 23:21:50'),(113,'admin','UPDATE','Vehicle/ParkingSession',0,'UPDATE Vehicle SET exitTime=\"2025-11-24 18:31:06\", status=\"EXITED\", totalAmount=20.00 WHERE id=\"5addc92e-c98c-11f0-b384-7427eaf2ac34\"; UPDATE ParkingSession SET exitTime=\"2025-11-24 18:31:06\", duration=9, amount=20.00, status=\"COMPLETED\" WHERE vehicleId=\"5addc92e-c98c-11f0-b384-7427eaf2ac34\"; UPDATE ParkingCapacity SET currentCount=currentCount-1 WHERE vehicleType=\"CAR\";','UPDATE Vehicle SET exitTime=NULL, status=\"PARKED\", totalAmount=NULL WHERE id=\"5addc92e-c98c-11f0-b384-7427eaf2ac34\"; UPDATE ParkingSession SET exitTime=NULL, duration=NULL, amount=NULL, status=\"ACTIVE\" WHERE vehicleId=\"5addc92e-c98c-11f0-b384-7427eaf2ac34\"; UPDATE ParkingCapacity SET currentCount=currentCount+1 WHERE vehicleType=\"CAR\";','localhost','2025-11-24 23:31:06'),(114,'admin','INSERT','Vehicle/ParkingSession',0,'INSERT INTO Vehicle (id, plateNumber, vehicleType, status, entryTime) VALUES (\"b77b9368-c9a4-11f0-b384-7427eaf2ac34\",\"FTY18F\",\"MOTORCYCLE\",\"PARKED\",\"2025-11-24 21:16:13\"); ','DELETE FROM Vehicle WHERE id=\"b77b9368-c9a4-11f0-b384-7427eaf2ac34\"; DELETE FROM ParkingSession WHERE vehicleId=\"b77b9368-c9a4-11f0-b384-7427eaf2ac34\"; UPDATE ParkingCapacity SET currentCount = currentCount - 1 WHERE vehicleType=\"MOTORCYCLE\";','localhost','2025-11-25 02:16:13'),(115,'admin','UPDATE','Vehicle/ParkingSession',0,'UPDATE Vehicle SET exitTime=\"2025-11-24 21:56:30\", status=\"EXITED\", totalAmount=10.00 WHERE id=\"b77b9368-c9a4-11f0-b384-7427eaf2ac34\"; UPDATE ParkingSession SET exitTime=\"2025-11-24 21:56:30\", duration=40, amount=10.00, status=\"COMPLETED\" WHERE vehicleId=\"b77b9368-c9a4-11f0-b384-7427eaf2ac34\"; UPDATE ParkingCapacity SET currentCount=currentCount-1 WHERE vehicleType=\"MOTORCYCLE\";','UPDATE Vehicle SET exitTime=NULL, status=\"PARKED\", totalAmount=NULL WHERE id=\"b77b9368-c9a4-11f0-b384-7427eaf2ac34\"; UPDATE ParkingSession SET exitTime=NULL, duration=NULL, amount=NULL, status=\"ACTIVE\" WHERE vehicleId=\"b77b9368-c9a4-11f0-b384-7427eaf2ac34\"; UPDATE ParkingCapacity SET currentCount=currentCount+1 WHERE vehicleType=\"MOTORCYCLE\";','localhost','2025-11-25 02:56:30'),(116,'admin','BACKUP_CREATE','SYSTEM',0,'GENERATED JSON BACKUP: backup-json-24-11-2025_22-04-11.json','CANNOT ROLLBACK FILE CREATION','::1','2025-11-25 03:04:11'),(117,'admin','BACKUP_CREATE','SYSTEM',0,'SQL BACKUP: backup-sql-24-11-2025_22-04-14.sql','CANNOT ROLLBACK FILE CREATION','::1','2025-11-25 03:04:15'),(118,'admin','BACKUP_DOWNLOAD','SYSTEM',0,'DOWNLOAD JSON BACKUP: backup-json-24-11-2025_22-04-11.json','CANNOT ROLLBACK DOWNLOAD OPERATION','::1','2025-11-25 03:06:31'),(119,'admin','BACKUP_DOWNLOAD','SYSTEM',0,'DOWNLOAD JSON BACKUP: backup-sql-24-11-2025_22-04-14.sql','CANNOT ROLLBACK DOWNLOAD OPERATION','::1','2025-11-25 03:06:42'),(120,'admin','BACKUP_DOWNLOAD','SYSTEM',0,'DOWNLOAD JSON BACKUP: backup-sql-24-11-2025_22-04-14.sql','CANNOT ROLLBACK DOWNLOAD OPERATION','::1','2025-11-25 17:39:28'),(121,'admin','BACKUP_DOWNLOAD','SYSTEM',0,'DOWNLOAD JSON BACKUP: backup-json-24-11-2025_22-04-11.json','CANNOT ROLLBACK DOWNLOAD OPERATION','::1','2025-11-25 17:40:49'),(122,'admin','BACKUP_CREATE','SYSTEM',0,'GENERATED JSON BACKUP: backup-json-25-11-2025_13-07-56.json','CANNOT ROLLBACK FILE CREATION','::1','2025-11-25 18:07:56'),(123,'admin','BACKUP_CREATE','SYSTEM',0,'GENERATED JSON BACKUP: backup-json-25-11-2025_13-09-48.json','CANNOT ROLLBACK FILE CREATION','127.0.0.1','2025-11-25 18:09:48'),(124,'admin','BACKUP_CREATE','SYSTEM',0,'SQL BACKUP: backup-sql-25-11-2025_13-23-03.sql','CANNOT ROLLBACK FILE CREATION','127.0.0.1','2025-11-25 18:23:04'),(125,'admin','BACKUP_CREATE','SYSTEM',0,'GENERATED JSON BACKUP: backup-json-25-11-2025_13-23-25.json','CANNOT ROLLBACK FILE CREATION','127.0.0.1','2025-11-25 18:23:26'),(126,'admin','BACKUP_CREATE','SYSTEM',0,'SQL BACKUP: backup-sql-25-11-2025_13-33-32.sql','CANNOT ROLLBACK FILE CREATION','127.0.0.1','2025-11-25 18:33:33'),(127,'admin','BACKUP_CREATE','SYSTEM',0,'SQL BACKUP: backup-sql-25-11-2025_13-34-32.sql','CANNOT ROLLBACK FILE CREATION','127.0.0.1','2025-11-25 18:34:33'),(128,'admin','BACKUP_CREATE','SYSTEM',0,'GENERATED JSON BACKUP: backup-json-25-11-2025_20-43-56.json','CANNOT ROLLBACK FILE CREATION','127.0.0.1','2025-11-26 01:43:56'),(129,'admin','BACKUP_CREATE','SYSTEM',0,'SQL BACKUP: backup-sql-25-11-2025_20-44-36.sql','CANNOT ROLLBACK FILE CREATION','127.0.0.1','2025-11-26 01:44:37'),(130,'admin','INSERT','Vehicle/ParkingSession',0,'INSERT INTO Vehicle (id, plateNumber, vehicleType, status, entryTime) VALUES (\"5982d8a5-cb41-11f0-9bff-7427eaf2ac34\",\"OV546F\",\"CAR\",\"PARKED\",\"2025-11-26 22:29:58\"); ','DELETE FROM Vehicle WHERE id=\"5982d8a5-cb41-11f0-9bff-7427eaf2ac34\"; DELETE FROM ParkingSession WHERE vehicleId=\"5982d8a5-cb41-11f0-9bff-7427eaf2ac34\"; UPDATE ParkingCapacity SET currentCount = currentCount - 1 WHERE vehicleType=\"CAR\";','localhost','2025-11-27 03:29:58'),(131,'admin','UPDATE','Vehicle/ParkingSession',0,'UPDATE Vehicle SET exitTime=\"2025-11-26 22:38:38\", status=\"EXITED\", totalAmount=20.00 WHERE id=\"5982d8a5-cb41-11f0-9bff-7427eaf2ac34\"; UPDATE ParkingSession SET exitTime=\"2025-11-26 22:38:38\", duration=8, amount=20.00, status=\"COMPLETED\" WHERE vehicleId=\"5982d8a5-cb41-11f0-9bff-7427eaf2ac34\"; UPDATE ParkingCapacity SET currentCount=currentCount-1 WHERE vehicleType=\"CAR\";','UPDATE Vehicle SET exitTime=NULL, status=\"PARKED\", totalAmount=NULL WHERE id=\"5982d8a5-cb41-11f0-9bff-7427eaf2ac34\"; UPDATE ParkingSession SET exitTime=NULL, duration=NULL, amount=NULL, status=\"ACTIVE\" WHERE vehicleId=\"5982d8a5-cb41-11f0-9bff-7427eaf2ac34\"; UPDATE ParkingCapacity SET currentCount=currentCount+1 WHERE vehicleType=\"CAR\";','localhost','2025-11-27 03:38:38'),(132,'admin','INSERT','Vehicle/ParkingSession',0,'INSERT INTO Vehicle (id, plateNumber, vehicleType, status, entryTime) VALUES (\"ccc90d9d-cb42-11f0-9bff-7427eaf2ac34\",\"OVF546\",\"CAR\",\"PARKED\",\"2025-11-26 22:40:21\"); ','DELETE FROM Vehicle WHERE id=\"ccc90d9d-cb42-11f0-9bff-7427eaf2ac34\"; DELETE FROM ParkingSession WHERE vehicleId=\"ccc90d9d-cb42-11f0-9bff-7427eaf2ac34\"; UPDATE ParkingCapacity SET currentCount = currentCount - 1 WHERE vehicleType=\"CAR\";','localhost','2025-11-27 03:40:21'),(133,'admin','UPDATE','Vehicle/ParkingSession',0,'UPDATE Vehicle SET exitTime=\"2025-11-26 22:40:38\", status=\"EXITED\", totalAmount=20.00 WHERE id=\"ccc90d9d-cb42-11f0-9bff-7427eaf2ac34\"; UPDATE ParkingSession SET exitTime=\"2025-11-26 22:40:38\", duration=0, amount=20.00, status=\"COMPLETED\" WHERE vehicleId=\"ccc90d9d-cb42-11f0-9bff-7427eaf2ac34\"; UPDATE ParkingCapacity SET currentCount=currentCount-1 WHERE vehicleType=\"CAR\";','UPDATE Vehicle SET exitTime=NULL, status=\"PARKED\", totalAmount=NULL WHERE id=\"ccc90d9d-cb42-11f0-9bff-7427eaf2ac34\"; UPDATE ParkingSession SET exitTime=NULL, duration=NULL, amount=NULL, status=\"ACTIVE\" WHERE vehicleId=\"ccc90d9d-cb42-11f0-9bff-7427eaf2ac34\"; UPDATE ParkingCapacity SET currentCount=currentCount+1 WHERE vehicleType=\"CAR\";','localhost','2025-11-27 03:40:38'),(134,'admin','INSERT','Vehicle/ParkingSession',0,'INSERT INTO Vehicle (id, plateNumber, vehicleType, status, entryTime) VALUES (\"158e3e89-cb44-11f0-9bff-7427eaf2ac34\",\"TEST123\",\"CAR\",\"PARKED\",\"2025-11-26 22:49:32\"); ','DELETE FROM Vehicle WHERE id=\"158e3e89-cb44-11f0-9bff-7427eaf2ac34\"; DELETE FROM ParkingSession WHERE vehicleId=\"158e3e89-cb44-11f0-9bff-7427eaf2ac34\"; UPDATE ParkingCapacity SET currentCount = currentCount - 1 WHERE vehicleType=\"CAR\";','localhost','2025-11-27 03:49:32'),(135,'admin','UPDATE','Vehicle/ParkingSession',0,'UPDATE Vehicle SET exitTime=\"2025-11-26 22:53:53\", status=\"EXITED\", totalAmount=20.00 WHERE id=\"158e3e89-cb44-11f0-9bff-7427eaf2ac34\"; UPDATE ParkingSession SET exitTime=\"2025-11-26 22:53:53\", duration=4, amount=20.00, status=\"COMPLETED\" WHERE vehicleId=\"158e3e89-cb44-11f0-9bff-7427eaf2ac34\"; UPDATE ParkingCapacity SET currentCount=currentCount-1 WHERE vehicleType=\"CAR\";','UPDATE Vehicle SET exitTime=NULL, status=\"PARKED\", totalAmount=NULL WHERE id=\"158e3e89-cb44-11f0-9bff-7427eaf2ac34\"; UPDATE ParkingSession SET exitTime=NULL, duration=NULL, amount=NULL, status=\"ACTIVE\" WHERE vehicleId=\"158e3e89-cb44-11f0-9bff-7427eaf2ac34\"; UPDATE ParkingCapacity SET currentCount=currentCount+1 WHERE vehicleType=\"CAR\";','localhost','2025-11-27 03:53:53'),(136,'admin','INSERT','Vehicle/ParkingSession',0,'INSERT INTO Vehicle (id, plateNumber, vehicleType, status, entryTime) VALUES (\"fc8d19b6-cb45-11f0-9bff-7427eaf2ac34\",\"TEST123\",\"CAR\",\"PARKED\",\"2025-11-26 23:03:09\"); ','DELETE FROM Vehicle WHERE id=\"fc8d19b6-cb45-11f0-9bff-7427eaf2ac34\"; DELETE FROM ParkingSession WHERE vehicleId=\"fc8d19b6-cb45-11f0-9bff-7427eaf2ac34\"; UPDATE ParkingCapacity SET currentCount = currentCount - 1 WHERE vehicleType=\"CAR\";','localhost','2025-11-27 04:03:09'),(137,'admin','UPDATE','Vehicle/ParkingSession',0,'UPDATE Vehicle SET exitTime=\"2025-11-26 23:03:27\", status=\"EXITED\", totalAmount=20.00 WHERE id=\"fc8d19b6-cb45-11f0-9bff-7427eaf2ac34\"; UPDATE ParkingSession SET exitTime=\"2025-11-26 23:03:27\", duration=0, amount=20.00, status=\"COMPLETED\" WHERE vehicleId=\"fc8d19b6-cb45-11f0-9bff-7427eaf2ac34\"; UPDATE ParkingCapacity SET currentCount=currentCount-1 WHERE vehicleType=\"CAR\";','UPDATE Vehicle SET exitTime=NULL, status=\"PARKED\", totalAmount=NULL WHERE id=\"fc8d19b6-cb45-11f0-9bff-7427eaf2ac34\"; UPDATE ParkingSession SET exitTime=NULL, duration=NULL, amount=NULL, status=\"ACTIVE\" WHERE vehicleId=\"fc8d19b6-cb45-11f0-9bff-7427eaf2ac34\"; UPDATE ParkingCapacity SET currentCount=currentCount+1 WHERE vehicleType=\"CAR\";','localhost','2025-11-27 04:03:27'),(138,'admin','INSERT','Vehicle/ParkingSession',0,'INSERT INTO Vehicle (id, plateNumber, vehicleType, status, entryTime) VALUES (\"737bdb8a-cb48-11f0-9bff-7427eaf2ac34\",\"JHK150\",\"CAR\",\"PARKED\",\"2025-11-26 23:20:48\"); ','DELETE FROM Vehicle WHERE id=\"737bdb8a-cb48-11f0-9bff-7427eaf2ac34\"; DELETE FROM ParkingSession WHERE vehicleId=\"737bdb8a-cb48-11f0-9bff-7427eaf2ac34\"; UPDATE ParkingCapacity SET currentCount = currentCount - 1 WHERE vehicleType=\"CAR\";','localhost','2025-11-27 04:20:48'),(139,'admin','UPDATE','Vehicle/ParkingSession',0,'UPDATE Vehicle SET exitTime=\"2025-11-26 23:24:23\", status=\"EXITED\", totalAmount=20.00 WHERE id=\"737bdb8a-cb48-11f0-9bff-7427eaf2ac34\"; UPDATE ParkingSession SET exitTime=\"2025-11-26 23:24:23\", duration=3, amount=20.00, status=\"COMPLETED\" WHERE vehicleId=\"737bdb8a-cb48-11f0-9bff-7427eaf2ac34\"; UPDATE ParkingCapacity SET currentCount=currentCount-1 WHERE vehicleType=\"CAR\";','UPDATE Vehicle SET exitTime=NULL, status=\"PARKED\", totalAmount=NULL WHERE id=\"737bdb8a-cb48-11f0-9bff-7427eaf2ac34\"; UPDATE ParkingSession SET exitTime=NULL, duration=NULL, amount=NULL, status=\"ACTIVE\" WHERE vehicleId=\"737bdb8a-cb48-11f0-9bff-7427eaf2ac34\"; UPDATE ParkingCapacity SET currentCount=currentCount+1 WHERE vehicleType=\"CAR\";','localhost','2025-11-27 04:24:23'),(140,'admin','INSERT','Vehicle/ParkingSession',0,'INSERT INTO Vehicle (id, plateNumber, vehicleType, status, entryTime) VALUES (\"5c2539de-cb4f-11f0-9bff-7427eaf2ac34\",\"FTY18F\",\"MOTORCYCLE\",\"PARKED\",\"2025-11-27 00:10:15\"); ','DELETE FROM Vehicle WHERE id=\"5c2539de-cb4f-11f0-9bff-7427eaf2ac34\"; DELETE FROM ParkingSession WHERE vehicleId=\"5c2539de-cb4f-11f0-9bff-7427eaf2ac34\"; UPDATE ParkingCapacity SET currentCount = currentCount - 1 WHERE vehicleType=\"MOTORCYCLE\";','localhost','2025-11-27 05:10:15'),(141,'admin','UPDATE','Vehicle/ParkingSession',0,'UPDATE Vehicle SET exitTime=\"2025-11-27 00:16:52\", status=\"EXITED\", totalAmount=10.00 WHERE id=\"5c2539de-cb4f-11f0-9bff-7427eaf2ac34\"; UPDATE ParkingSession SET exitTime=\"2025-11-27 00:16:52\", duration=6, amount=10.00, status=\"COMPLETED\" WHERE vehicleId=\"5c2539de-cb4f-11f0-9bff-7427eaf2ac34\"; UPDATE ParkingCapacity SET currentCount=currentCount-1 WHERE vehicleType=\"MOTORCYCLE\";','UPDATE Vehicle SET exitTime=NULL, status=\"PARKED\", totalAmount=NULL WHERE id=\"5c2539de-cb4f-11f0-9bff-7427eaf2ac34\"; UPDATE ParkingSession SET exitTime=NULL, duration=NULL, amount=NULL, status=\"ACTIVE\" WHERE vehicleId=\"5c2539de-cb4f-11f0-9bff-7427eaf2ac34\"; UPDATE ParkingCapacity SET currentCount=currentCount+1 WHERE vehicleType=\"MOTORCYCLE\";','localhost','2025-11-27 05:16:52'),(142,'admin','INSERT','Vehicle/ParkingSession',0,'INSERT INTO Vehicle (id, plateNumber, vehicleType, status, entryTime) VALUES (\"f7e34c63-cb52-11f0-9bff-7427eaf2ac34\",\"ABC123\",\"TRUCK\",\"PARKED\",\"2025-11-27 00:36:05\"); ','DELETE FROM Vehicle WHERE id=\"f7e34c63-cb52-11f0-9bff-7427eaf2ac34\"; DELETE FROM ParkingSession WHERE vehicleId=\"f7e34c63-cb52-11f0-9bff-7427eaf2ac34\"; UPDATE ParkingCapacity SET currentCount = currentCount - 1 WHERE vehicleType=\"TRUCK\";','localhost','2025-11-27 05:36:05'),(143,'admin','UPDATE','Vehicle/ParkingSession',0,'UPDATE Vehicle SET exitTime=\"2025-11-27 00:40:16\", status=\"EXITED\", totalAmount=40.00 WHERE id=\"f7e34c63-cb52-11f0-9bff-7427eaf2ac34\"; UPDATE ParkingSession SET exitTime=\"2025-11-27 00:40:16\", duration=4, amount=40.00, status=\"COMPLETED\" WHERE vehicleId=\"f7e34c63-cb52-11f0-9bff-7427eaf2ac34\"; UPDATE ParkingCapacity SET currentCount=currentCount-1 WHERE vehicleType=\"TRUCK\";','UPDATE Vehicle SET exitTime=NULL, status=\"PARKED\", totalAmount=NULL WHERE id=\"f7e34c63-cb52-11f0-9bff-7427eaf2ac34\"; UPDATE ParkingSession SET exitTime=NULL, duration=NULL, amount=NULL, status=\"ACTIVE\" WHERE vehicleId=\"f7e34c63-cb52-11f0-9bff-7427eaf2ac34\"; UPDATE ParkingCapacity SET currentCount=currentCount+1 WHERE vehicleType=\"TRUCK\";','localhost','2025-11-27 05:40:16'),(144,'admin','BACKUP_CREATE','SYSTEM',0,'GENERATED JSON BACKUP: backup-json-27-11-2025_0-46-03.json','CANNOT ROLLBACK FILE CREATION','127.0.0.1','2025-11-27 05:46:04'),(145,'admin','BACKUP_CREATE','SYSTEM',0,'SQL BACKUP: backup-sql-27-11-2025_0-46-10.sql','CANNOT ROLLBACK FILE CREATION','127.0.0.1','2025-11-27 05:46:12'),(146,'admin','INSERT','Vehicle/ParkingSession',0,'INSERT INTO Vehicle (id, plateNumber, vehicleType, status, entryTime) VALUES (\"29eece80-cbbb-11f0-926e-7427eaf2ac34\",\"JHK150\",\"CAR\",\"PARKED\",\"2025-11-27 13:01:57\"); ','DELETE FROM Vehicle WHERE id=\"29eece80-cbbb-11f0-926e-7427eaf2ac34\"; DELETE FROM ParkingSession WHERE vehicleId=\"29eece80-cbbb-11f0-926e-7427eaf2ac34\"; UPDATE ParkingCapacity SET currentCount = currentCount - 1 WHERE vehicleType=\"CAR\";','localhost','2025-11-27 18:01:57'),(147,'admin','UPDATE','Vehicle/ParkingSession',0,'UPDATE Vehicle SET exitTime=\"2025-11-27 21:03:29\", status=\"EXITED\", totalAmount=180.00 WHERE id=\"29eece80-cbbb-11f0-926e-7427eaf2ac34\"; UPDATE ParkingSession SET exitTime=\"2025-11-27 21:03:29\", duration=481, amount=180.00, status=\"COMPLETED\" WHERE vehicleId=\"29eece80-cbbb-11f0-926e-7427eaf2ac34\"; UPDATE ParkingCapacity SET currentCount=currentCount-1 WHERE vehicleType=\"CAR\";','UPDATE Vehicle SET exitTime=NULL, status=\"PARKED\", totalAmount=NULL WHERE id=\"29eece80-cbbb-11f0-926e-7427eaf2ac34\"; UPDATE ParkingSession SET exitTime=NULL, duration=NULL, amount=NULL, status=\"ACTIVE\" WHERE vehicleId=\"29eece80-cbbb-11f0-926e-7427eaf2ac34\"; UPDATE ParkingCapacity SET currentCount=currentCount+1 WHERE vehicleType=\"CAR\";','localhost','2025-11-28 02:03:29'),(148,'admin','INSERT','Vehicle/ParkingSession',0,'INSERT INTO Vehicle (id, plateNumber, vehicleType, status, entryTime) VALUES (\"3f8ff203-cc99-11f0-bb61-7427eaf2ac34\",\"FTY18F\",\"MOTORCYCLE\",\"PARKED\",\"2025-11-28 15:31:41\"); ','DELETE FROM Vehicle WHERE id=\"3f8ff203-cc99-11f0-bb61-7427eaf2ac34\"; DELETE FROM ParkingSession WHERE vehicleId=\"3f8ff203-cc99-11f0-bb61-7427eaf2ac34\"; UPDATE ParkingCapacity SET currentCount = currentCount - 1 WHERE vehicleType=\"MOTORCYCLE\";','localhost','2025-11-28 20:31:41'),(149,'admin','INSERT','Vehicle/ParkingSession',0,'INSERT INTO Vehicle (id, plateNumber, vehicleType, status, entryTime) VALUES (\"14e9cd88-cc9a-11f0-bb61-7427eaf2ac34\",\"ABC123\",\"CAR\",\"PARKED\",\"2025-11-28 15:37:39\"); ','DELETE FROM Vehicle WHERE id=\"14e9cd88-cc9a-11f0-bb61-7427eaf2ac34\"; DELETE FROM ParkingSession WHERE vehicleId=\"14e9cd88-cc9a-11f0-bb61-7427eaf2ac34\"; UPDATE ParkingCapacity SET currentCount = currentCount - 1 WHERE vehicleType=\"CAR\";','localhost','2025-11-28 20:37:39'),(150,'admin','INSERT','Vehicle/ParkingSession',0,'INSERT INTO Vehicle (id, plateNumber, vehicleType, status, entryTime) VALUES (\"18b1ddb4-cc9a-11f0-bb61-7427eaf2ac34\",\"OVF546\",\"TRUCK\",\"PARKED\",\"2025-11-28 15:37:45\"); ','DELETE FROM Vehicle WHERE id=\"18b1ddb4-cc9a-11f0-bb61-7427eaf2ac34\"; DELETE FROM ParkingSession WHERE vehicleId=\"18b1ddb4-cc9a-11f0-bb61-7427eaf2ac34\"; UPDATE ParkingCapacity SET currentCount = currentCount - 1 WHERE vehicleType=\"TRUCK\";','localhost','2025-11-28 20:37:45'),(151,'admin','UPDATE','Vehicle/ParkingSession',0,'UPDATE Vehicle SET exitTime=\"2025-11-28 17:14:48\", status=\"EXITED\", totalAmount=80.00 WHERE id=\"18b1ddb4-cc9a-11f0-bb61-7427eaf2ac34\"; UPDATE ParkingSession SET exitTime=\"2025-11-28 17:14:48\", duration=97, amount=80.00, status=\"COMPLETED\" WHERE vehicleId=\"18b1ddb4-cc9a-11f0-bb61-7427eaf2ac34\"; UPDATE ParkingCapacity SET currentCount=currentCount-1 WHERE vehicleType=\"TRUCK\";','UPDATE Vehicle SET exitTime=NULL, status=\"PARKED\", totalAmount=NULL WHERE id=\"18b1ddb4-cc9a-11f0-bb61-7427eaf2ac34\"; UPDATE ParkingSession SET exitTime=NULL, duration=NULL, amount=NULL, status=\"ACTIVE\" WHERE vehicleId=\"18b1ddb4-cc9a-11f0-bb61-7427eaf2ac34\"; UPDATE ParkingCapacity SET currentCount=currentCount+1 WHERE vehicleType=\"TRUCK\";','localhost','2025-11-28 22:14:48'),(152,'admin','UPDATE','Vehicle/ParkingSession',0,'UPDATE Vehicle SET exitTime=\"2025-11-28 17:19:04\", status=\"EXITED\", totalAmount=40.00 WHERE id=\"14e9cd88-cc9a-11f0-bb61-7427eaf2ac34\"; UPDATE ParkingSession SET exitTime=\"2025-11-28 17:19:04\", duration=101, amount=40.00, status=\"COMPLETED\" WHERE vehicleId=\"14e9cd88-cc9a-11f0-bb61-7427eaf2ac34\"; UPDATE ParkingCapacity SET currentCount=currentCount-1 WHERE vehicleType=\"CAR\";','UPDATE Vehicle SET exitTime=NULL, status=\"PARKED\", totalAmount=NULL WHERE id=\"14e9cd88-cc9a-11f0-bb61-7427eaf2ac34\"; UPDATE ParkingSession SET exitTime=NULL, duration=NULL, amount=NULL, status=\"ACTIVE\" WHERE vehicleId=\"14e9cd88-cc9a-11f0-bb61-7427eaf2ac34\"; UPDATE ParkingCapacity SET currentCount=currentCount+1 WHERE vehicleType=\"CAR\";','localhost','2025-11-28 22:19:04'),(153,'admin','UPDATE','Vehicle/ParkingSession',0,'UPDATE Vehicle SET exitTime=\"2025-11-28 17:21:31\", status=\"EXITED\", totalAmount=20.00 WHERE id=\"3f8ff203-cc99-11f0-bb61-7427eaf2ac34\"; UPDATE ParkingSession SET exitTime=\"2025-11-28 17:21:31\", duration=109, amount=20.00, status=\"COMPLETED\" WHERE vehicleId=\"3f8ff203-cc99-11f0-bb61-7427eaf2ac34\"; UPDATE ParkingCapacity SET currentCount=currentCount-1 WHERE vehicleType=\"MOTORCYCLE\";','UPDATE Vehicle SET exitTime=NULL, status=\"PARKED\", totalAmount=NULL WHERE id=\"3f8ff203-cc99-11f0-bb61-7427eaf2ac34\"; UPDATE ParkingSession SET exitTime=NULL, duration=NULL, amount=NULL, status=\"ACTIVE\" WHERE vehicleId=\"3f8ff203-cc99-11f0-bb61-7427eaf2ac34\"; UPDATE ParkingCapacity SET currentCount=currentCount+1 WHERE vehicleType=\"MOTORCYCLE\";','localhost','2025-11-28 22:21:31'),(154,'admin','INSERT','Vehicle/ParkingSession',0,'INSERT INTO Vehicle (id, plateNumber, vehicleType, status, entryTime) VALUES (\"0982b10e-cca9-11f0-bb61-7427eaf2ac34\",\"ABC123\",\"CAR\",\"PARKED\",\"2025-11-28 17:24:42\"); ','DELETE FROM Vehicle WHERE id=\"0982b10e-cca9-11f0-bb61-7427eaf2ac34\"; DELETE FROM ParkingSession WHERE vehicleId=\"0982b10e-cca9-11f0-bb61-7427eaf2ac34\"; UPDATE ParkingCapacity SET currentCount = currentCount - 1 WHERE vehicleType=\"CAR\";','localhost','2025-11-28 22:24:42'),(155,'admin','UPDATE','Vehicle/ParkingSession',0,'UPDATE Vehicle SET exitTime=\"2025-11-28 17:27:28\", status=\"EXITED\", totalAmount=20.00 WHERE id=\"0982b10e-cca9-11f0-bb61-7427eaf2ac34\"; UPDATE ParkingSession SET exitTime=\"2025-11-28 17:27:28\", duration=2, amount=20.00, status=\"COMPLETED\" WHERE vehicleId=\"0982b10e-cca9-11f0-bb61-7427eaf2ac34\"; UPDATE ParkingCapacity SET currentCount=currentCount-1 WHERE vehicleType=\"CAR\";','UPDATE Vehicle SET exitTime=NULL, status=\"PARKED\", totalAmount=NULL WHERE id=\"0982b10e-cca9-11f0-bb61-7427eaf2ac34\"; UPDATE ParkingSession SET exitTime=NULL, duration=NULL, amount=NULL, status=\"ACTIVE\" WHERE vehicleId=\"0982b10e-cca9-11f0-bb61-7427eaf2ac34\"; UPDATE ParkingCapacity SET currentCount=currentCount+1 WHERE vehicleType=\"CAR\";','localhost','2025-11-28 22:27:28'),(156,'admin','INSERT','Vehicle/ParkingSession',0,'INSERT INTO Vehicle (id, plateNumber, vehicleType, status, entryTime) VALUES (\"8b7fee25-cca9-11f0-bb61-7427eaf2ac34\",\"FTY18F\",\"MOTORCYCLE\",\"PARKED\",\"2025-11-28 17:28:21\"); ','DELETE FROM Vehicle WHERE id=\"8b7fee25-cca9-11f0-bb61-7427eaf2ac34\"; DELETE FROM ParkingSession WHERE vehicleId=\"8b7fee25-cca9-11f0-bb61-7427eaf2ac34\"; UPDATE ParkingCapacity SET currentCount = currentCount - 1 WHERE vehicleType=\"MOTORCYCLE\";','localhost','2025-11-28 22:28:21'),(157,'admin','UPDATE','Vehicle/ParkingSession',0,'UPDATE Vehicle SET exitTime=\"2025-11-28 17:29:30\", status=\"EXITED\", totalAmount=10.00 WHERE id=\"8b7fee25-cca9-11f0-bb61-7427eaf2ac34\"; UPDATE ParkingSession SET exitTime=\"2025-11-28 17:29:30\", duration=1, amount=10.00, status=\"COMPLETED\" WHERE vehicleId=\"8b7fee25-cca9-11f0-bb61-7427eaf2ac34\"; UPDATE ParkingCapacity SET currentCount=currentCount-1 WHERE vehicleType=\"MOTORCYCLE\";','UPDATE Vehicle SET exitTime=NULL, status=\"PARKED\", totalAmount=NULL WHERE id=\"8b7fee25-cca9-11f0-bb61-7427eaf2ac34\"; UPDATE ParkingSession SET exitTime=NULL, duration=NULL, amount=NULL, status=\"ACTIVE\" WHERE vehicleId=\"8b7fee25-cca9-11f0-bb61-7427eaf2ac34\"; UPDATE ParkingCapacity SET currentCount=currentCount+1 WHERE vehicleType=\"MOTORCYCLE\";','localhost','2025-11-28 22:29:30'),(158,'admin','INSERT','Vehicle/ParkingSession',0,'INSERT INTO Vehicle (id, plateNumber, vehicleType, status, entryTime) VALUES (\"5a730ca0-ccab-11f0-bb61-7427eaf2ac34\",\"JHK150\",\"TRUCK\",\"PARKED\",\"2025-11-28 17:41:17\"); ','DELETE FROM Vehicle WHERE id=\"5a730ca0-ccab-11f0-bb61-7427eaf2ac34\"; DELETE FROM ParkingSession WHERE vehicleId=\"5a730ca0-ccab-11f0-bb61-7427eaf2ac34\"; UPDATE ParkingCapacity SET currentCount = currentCount - 1 WHERE vehicleType=\"TRUCK\";','localhost','2025-11-28 22:41:17'),(159,'admin','UPDATE','Vehicle/ParkingSession',0,'UPDATE Vehicle SET exitTime=\"2025-11-28 17:46:21\", status=\"EXITED\", totalAmount=40.00 WHERE id=\"5a730ca0-ccab-11f0-bb61-7427eaf2ac34\"; UPDATE ParkingSession SET exitTime=\"2025-11-28 17:46:21\", duration=5, amount=40.00, status=\"COMPLETED\" WHERE vehicleId=\"5a730ca0-ccab-11f0-bb61-7427eaf2ac34\"; UPDATE ParkingCapacity SET currentCount=currentCount-1 WHERE vehicleType=\"TRUCK\";','UPDATE Vehicle SET exitTime=NULL, status=\"PARKED\", totalAmount=NULL WHERE id=\"5a730ca0-ccab-11f0-bb61-7427eaf2ac34\"; UPDATE ParkingSession SET exitTime=NULL, duration=NULL, amount=NULL, status=\"ACTIVE\" WHERE vehicleId=\"5a730ca0-ccab-11f0-bb61-7427eaf2ac34\"; UPDATE ParkingCapacity SET currentCount=currentCount+1 WHERE vehicleType=\"TRUCK\";','localhost','2025-11-28 22:46:21'),(160,'admin','INSERT','Vehicle/ParkingSession',0,'INSERT INTO Vehicle (id, plateNumber, vehicleType, status, entryTime) VALUES (\"74ccba00-ccac-11f0-bb61-7427eaf2ac34\",\"ABC123\",\"CAR\",\"PARKED\",\"2025-11-28 17:49:11\"); ','DELETE FROM Vehicle WHERE id=\"74ccba00-ccac-11f0-bb61-7427eaf2ac34\"; DELETE FROM ParkingSession WHERE vehicleId=\"74ccba00-ccac-11f0-bb61-7427eaf2ac34\"; UPDATE ParkingCapacity SET currentCount = currentCount - 1 WHERE vehicleType=\"CAR\";','localhost','2025-11-28 22:49:11'),(161,'admin','UPDATE','Vehicle/ParkingSession',0,'UPDATE Vehicle SET exitTime=\"2025-11-28 17:58:38\", status=\"EXITED\", totalAmount=20.00 WHERE id=\"74ccba00-ccac-11f0-bb61-7427eaf2ac34\"; UPDATE ParkingSession SET exitTime=\"2025-11-28 17:58:38\", duration=9, amount=20.00, status=\"COMPLETED\" WHERE vehicleId=\"74ccba00-ccac-11f0-bb61-7427eaf2ac34\"; UPDATE ParkingCapacity SET currentCount=currentCount-1 WHERE vehicleType=\"CAR\";','UPDATE Vehicle SET exitTime=NULL, status=\"PARKED\", totalAmount=NULL WHERE id=\"74ccba00-ccac-11f0-bb61-7427eaf2ac34\"; UPDATE ParkingSession SET exitTime=NULL, duration=NULL, amount=NULL, status=\"ACTIVE\" WHERE vehicleId=\"74ccba00-ccac-11f0-bb61-7427eaf2ac34\"; UPDATE ParkingCapacity SET currentCount=currentCount+1 WHERE vehicleType=\"CAR\";','localhost','2025-11-28 22:58:38'),(162,'admin','GENERATE_TICKET','TICKET',0,'GENERATED TICKET: 5cd7011a-2344-4862-9798-4db512525a7e','CANNOT ROLLBACK TICKET GENERATION','::1','2025-11-28 22:58:38'),(163,'admin','INSERT','Vehicle/ParkingSession',0,'INSERT INTO Vehicle (id, plateNumber, vehicleType, status, entryTime) VALUES (\"085a32a5-ccb8-11f0-bb61-7427eaf2ac34\",\"FTY18F\",\"MOTORCYCLE\",\"PARKED\",\"2025-11-28 19:12:03\"); ','DELETE FROM Vehicle WHERE id=\"085a32a5-ccb8-11f0-bb61-7427eaf2ac34\"; DELETE FROM ParkingSession WHERE vehicleId=\"085a32a5-ccb8-11f0-bb61-7427eaf2ac34\"; UPDATE ParkingCapacity SET currentCount = currentCount - 1 WHERE vehicleType=\"MOTORCYCLE\";','localhost','2025-11-29 00:12:03'),(164,'admin','UPDATE','Vehicle/ParkingSession',0,'UPDATE Vehicle SET exitTime=\"2025-12-02 12:11:10\", status=\"EXITED\", totalAmount=400.00 WHERE id=\"085a32a5-ccb8-11f0-bb61-7427eaf2ac34\"; UPDATE ParkingSession SET exitTime=\"2025-12-02 12:11:10\", duration=5339, amount=400.00, status=\"COMPLETED\" WHERE vehicleId=\"085a32a5-ccb8-11f0-bb61-7427eaf2ac34\"; UPDATE ParkingCapacity SET currentCount=currentCount-1 WHERE vehicleType=\"MOTORCYCLE\";','UPDATE Vehicle SET exitTime=NULL, status=\"PARKED\", totalAmount=NULL WHERE id=\"085a32a5-ccb8-11f0-bb61-7427eaf2ac34\"; UPDATE ParkingSession SET exitTime=NULL, duration=NULL, amount=NULL, status=\"ACTIVE\" WHERE vehicleId=\"085a32a5-ccb8-11f0-bb61-7427eaf2ac34\"; UPDATE ParkingCapacity SET currentCount=currentCount+1 WHERE vehicleType=\"MOTORCYCLE\";','localhost','2025-12-02 17:11:10'),(165,'admin','INSERT','Vehicle/ParkingSession',0,'INSERT INTO Vehicle (id, plateNumber, vehicleType, status, entryTime) VALUES (\"93313d9a-cfbe-11f0-8587-7427eaf2ac34\",\"OV546F\",\"MOTORCYCLE\",\"PARKED\",\"2025-12-02 15:36:26\"); ','DELETE FROM Vehicle WHERE id=\"93313d9a-cfbe-11f0-8587-7427eaf2ac34\"; DELETE FROM ParkingSession WHERE vehicleId=\"93313d9a-cfbe-11f0-8587-7427eaf2ac34\"; UPDATE ParkingCapacity SET currentCount = currentCount - 1 WHERE vehicleType=\"MOTORCYCLE\";','localhost','2025-12-02 20:36:26'),(166,'admin','UPDATE','Vehicle/ParkingSession',0,'UPDATE Vehicle SET exitTime=\"2025-12-02 15:45:16\", status=\"EXITED\", totalAmount=10.00 WHERE id=\"93313d9a-cfbe-11f0-8587-7427eaf2ac34\"; UPDATE ParkingSession SET exitTime=\"2025-12-02 15:45:16\", duration=8, amount=10.00, status=\"COMPLETED\" WHERE vehicleId=\"93313d9a-cfbe-11f0-8587-7427eaf2ac34\"; UPDATE ParkingCapacity SET currentCount=currentCount-1 WHERE vehicleType=\"MOTORCYCLE\";','UPDATE Vehicle SET exitTime=NULL, status=\"PARKED\", totalAmount=NULL WHERE id=\"93313d9a-cfbe-11f0-8587-7427eaf2ac34\"; UPDATE ParkingSession SET exitTime=NULL, duration=NULL, amount=NULL, status=\"ACTIVE\" WHERE vehicleId=\"93313d9a-cfbe-11f0-8587-7427eaf2ac34\"; UPDATE ParkingCapacity SET currentCount=currentCount+1 WHERE vehicleType=\"MOTORCYCLE\";','localhost','2025-12-02 20:45:16'),(167,'admin','INSERT','Vehicle/ParkingSession',0,'INSERT INTO Vehicle (id, plateNumber, vehicleType, status, entryTime) VALUES (\"965704c8-cfc1-11f0-8587-7427eaf2ac34\",\"ABC123\",\"TRUCK\",\"PARKED\",\"2025-12-02 15:58:00\"); ','DELETE FROM Vehicle WHERE id=\"965704c8-cfc1-11f0-8587-7427eaf2ac34\"; DELETE FROM ParkingSession WHERE vehicleId=\"965704c8-cfc1-11f0-8587-7427eaf2ac34\"; UPDATE ParkingCapacity SET currentCount = currentCount - 1 WHERE vehicleType=\"TRUCK\";','localhost','2025-12-02 20:58:00'),(168,'admin','UPDATE','Vehicle/ParkingSession',0,'UPDATE Vehicle SET exitTime=\"2025-12-02 15:59:22\", status=\"EXITED\", totalAmount=40.00 WHERE id=\"965704c8-cfc1-11f0-8587-7427eaf2ac34\"; UPDATE ParkingSession SET exitTime=\"2025-12-02 15:59:22\", duration=1, amount=40.00, status=\"COMPLETED\" WHERE vehicleId=\"965704c8-cfc1-11f0-8587-7427eaf2ac34\"; UPDATE ParkingCapacity SET currentCount=currentCount-1 WHERE vehicleType=\"TRUCK\";','UPDATE Vehicle SET exitTime=NULL, status=\"PARKED\", totalAmount=NULL WHERE id=\"965704c8-cfc1-11f0-8587-7427eaf2ac34\"; UPDATE ParkingSession SET exitTime=NULL, duration=NULL, amount=NULL, status=\"ACTIVE\" WHERE vehicleId=\"965704c8-cfc1-11f0-8587-7427eaf2ac34\"; UPDATE ParkingCapacity SET currentCount=currentCount+1 WHERE vehicleType=\"TRUCK\";','localhost','2025-12-02 20:59:22'),(169,'admin','INSERT','Vehicle/ParkingSession',0,'INSERT INTO Vehicle (id, plateNumber, vehicleType, status, entryTime) VALUES (\"f6a59d3c-cfc3-11f0-8587-7427eaf2ac34\",\"ABC123\",\"CAR\",\"PARKED\",\"2025-12-02 16:15:01\"); ','DELETE FROM Vehicle WHERE id=\"f6a59d3c-cfc3-11f0-8587-7427eaf2ac34\"; DELETE FROM ParkingSession WHERE vehicleId=\"f6a59d3c-cfc3-11f0-8587-7427eaf2ac34\"; UPDATE ParkingCapacity SET currentCount = currentCount - 1 WHERE vehicleType=\"CAR\";','localhost','2025-12-02 21:15:01'),(170,'admin','UPDATE','Vehicle/ParkingSession',0,'UPDATE Vehicle SET exitTime=\"2025-12-02 16:17:19\", status=\"EXITED\", totalAmount=20.00 WHERE id=\"f6a59d3c-cfc3-11f0-8587-7427eaf2ac34\"; UPDATE ParkingSession SET exitTime=\"2025-12-02 16:17:19\", duration=2, amount=20.00, status=\"COMPLETED\" WHERE vehicleId=\"f6a59d3c-cfc3-11f0-8587-7427eaf2ac34\"; UPDATE ParkingCapacity SET currentCount=currentCount-1 WHERE vehicleType=\"CAR\";','UPDATE Vehicle SET exitTime=NULL, status=\"PARKED\", totalAmount=NULL WHERE id=\"f6a59d3c-cfc3-11f0-8587-7427eaf2ac34\"; UPDATE ParkingSession SET exitTime=NULL, duration=NULL, amount=NULL, status=\"ACTIVE\" WHERE vehicleId=\"f6a59d3c-cfc3-11f0-8587-7427eaf2ac34\"; UPDATE ParkingCapacity SET currentCount=currentCount+1 WHERE vehicleType=\"CAR\";','localhost','2025-12-02 21:17:19'),(171,'admin','INSERT','Vehicle/ParkingSession',0,'INSERT INTO Vehicle (id, plateNumber, vehicleType, status, entryTime) VALUES (\"d86c93f6-cfca-11f0-8587-7427eaf2ac34\",\"JHK150\",\"CAR\",\"PARKED\",\"2025-12-02 17:04:16\"); ','DELETE FROM Vehicle WHERE id=\"d86c93f6-cfca-11f0-8587-7427eaf2ac34\"; DELETE FROM ParkingSession WHERE vehicleId=\"d86c93f6-cfca-11f0-8587-7427eaf2ac34\"; UPDATE ParkingCapacity SET currentCount = currentCount - 1 WHERE vehicleType=\"CAR\";','localhost','2025-12-02 22:04:16'),(172,'admin','UPDATE','Vehicle/ParkingSession',0,'UPDATE Vehicle SET exitTime=\"2025-12-02 17:18:04\", status=\"EXITED\", totalAmount=20.00 WHERE id=\"d86c93f6-cfca-11f0-8587-7427eaf2ac34\"; UPDATE ParkingSession SET exitTime=\"2025-12-02 17:18:04\", duration=13, amount=20.00, status=\"COMPLETED\" WHERE vehicleId=\"d86c93f6-cfca-11f0-8587-7427eaf2ac34\"; UPDATE ParkingCapacity SET currentCount=currentCount-1 WHERE vehicleType=\"CAR\";','UPDATE Vehicle SET exitTime=NULL, status=\"PARKED\", totalAmount=NULL WHERE id=\"d86c93f6-cfca-11f0-8587-7427eaf2ac34\"; UPDATE ParkingSession SET exitTime=NULL, duration=NULL, amount=NULL, status=\"ACTIVE\" WHERE vehicleId=\"d86c93f6-cfca-11f0-8587-7427eaf2ac34\"; UPDATE ParkingCapacity SET currentCount=currentCount+1 WHERE vehicleType=\"CAR\";','localhost','2025-12-02 22:18:04'),(173,'admin','INSERT','Vehicle/ParkingSession',0,'INSERT INTO Vehicle (id, plateNumber, vehicleType, status, entryTime) VALUES (\"7f0319c8-cfd0-11f0-8587-7427eaf2ac34\",\"TEST999\",\"CAR\",\"PARKED\",\"2025-12-02 17:44:43\"); ','DELETE FROM Vehicle WHERE id=\"7f0319c8-cfd0-11f0-8587-7427eaf2ac34\"; DELETE FROM ParkingSession WHERE vehicleId=\"7f0319c8-cfd0-11f0-8587-7427eaf2ac34\"; UPDATE ParkingCapacity SET currentCount = currentCount - 1 WHERE vehicleType=\"CAR\";','localhost','2025-12-02 22:44:43'),(174,'admin','INSERT','Vehicle/ParkingSession',0,'INSERT INTO Vehicle (id, plateNumber, vehicleType, status, entryTime) VALUES (\"caa0e85a-cfd0-11f0-8587-7427eaf2ac34\",\"FTY18F\",\"MOTORCYCLE\",\"PARKED\",\"2025-12-02 17:46:50\"); ','DELETE FROM Vehicle WHERE id=\"caa0e85a-cfd0-11f0-8587-7427eaf2ac34\"; DELETE FROM ParkingSession WHERE vehicleId=\"caa0e85a-cfd0-11f0-8587-7427eaf2ac34\"; UPDATE ParkingCapacity SET currentCount = currentCount - 1 WHERE vehicleType=\"MOTORCYCLE\";','localhost','2025-12-02 22:46:50'),(175,'admin','UPDATE','Vehicle/ParkingSession',0,'UPDATE Vehicle SET exitTime=\"2025-12-02 17:47:38\", status=\"EXITED\", totalAmount=20.00 WHERE id=\"7f0319c8-cfd0-11f0-8587-7427eaf2ac34\"; UPDATE ParkingSession SET exitTime=\"2025-12-02 17:47:38\", duration=2, amount=20.00, status=\"COMPLETED\" WHERE vehicleId=\"7f0319c8-cfd0-11f0-8587-7427eaf2ac34\"; UPDATE ParkingCapacity SET currentCount=currentCount-1 WHERE vehicleType=\"CAR\";','UPDATE Vehicle SET exitTime=NULL, status=\"PARKED\", totalAmount=NULL WHERE id=\"7f0319c8-cfd0-11f0-8587-7427eaf2ac34\"; UPDATE ParkingSession SET exitTime=NULL, duration=NULL, amount=NULL, status=\"ACTIVE\" WHERE vehicleId=\"7f0319c8-cfd0-11f0-8587-7427eaf2ac34\"; UPDATE ParkingCapacity SET currentCount=currentCount+1 WHERE vehicleType=\"CAR\";','localhost','2025-12-02 22:47:38'),(176,'admin','INSERT','Vehicle/ParkingSession',0,'INSERT INTO Vehicle (id, plateNumber, vehicleType, status, entryTime) VALUES (\"05b6715a-cfd1-11f0-8587-7427eaf2ac34\",\"CBJ619\",\"TRUCK\",\"PARKED\",\"2025-12-02 17:48:29\"); ','DELETE FROM Vehicle WHERE id=\"05b6715a-cfd1-11f0-8587-7427eaf2ac34\"; DELETE FROM ParkingSession WHERE vehicleId=\"05b6715a-cfd1-11f0-8587-7427eaf2ac34\"; UPDATE ParkingCapacity SET currentCount = currentCount - 1 WHERE vehicleType=\"TRUCK\";','localhost','2025-12-02 22:48:29'),(177,'admin','UPDATE','Vehicle/ParkingSession',0,'UPDATE Vehicle SET exitTime=\"2025-12-02 17:50:56\", status=\"EXITED\", totalAmount=10.00 WHERE id=\"caa0e85a-cfd0-11f0-8587-7427eaf2ac34\"; UPDATE ParkingSession SET exitTime=\"2025-12-02 17:50:56\", duration=4, amount=10.00, status=\"COMPLETED\" WHERE vehicleId=\"caa0e85a-cfd0-11f0-8587-7427eaf2ac34\"; UPDATE ParkingCapacity SET currentCount=currentCount-1 WHERE vehicleType=\"MOTORCYCLE\";','UPDATE Vehicle SET exitTime=NULL, status=\"PARKED\", totalAmount=NULL WHERE id=\"caa0e85a-cfd0-11f0-8587-7427eaf2ac34\"; UPDATE ParkingSession SET exitTime=NULL, duration=NULL, amount=NULL, status=\"ACTIVE\" WHERE vehicleId=\"caa0e85a-cfd0-11f0-8587-7427eaf2ac34\"; UPDATE ParkingCapacity SET currentCount=currentCount+1 WHERE vehicleType=\"MOTORCYCLE\";','localhost','2025-12-02 22:50:56'),(178,'admin','UPDATE','Vehicle/ParkingSession',0,'UPDATE Vehicle SET exitTime=\"2025-12-02 18:13:16\", status=\"EXITED\", totalAmount=40.00 WHERE id=\"05b6715a-cfd1-11f0-8587-7427eaf2ac34\"; UPDATE ParkingSession SET exitTime=\"2025-12-02 18:13:16\", duration=24, amount=40.00, status=\"COMPLETED\" WHERE vehicleId=\"05b6715a-cfd1-11f0-8587-7427eaf2ac34\"; UPDATE ParkingCapacity SET currentCount=currentCount-1 WHERE vehicleType=\"TRUCK\";','UPDATE Vehicle SET exitTime=NULL, status=\"PARKED\", totalAmount=NULL WHERE id=\"05b6715a-cfd1-11f0-8587-7427eaf2ac34\"; UPDATE ParkingSession SET exitTime=NULL, duration=NULL, amount=NULL, status=\"ACTIVE\" WHERE vehicleId=\"05b6715a-cfd1-11f0-8587-7427eaf2ac34\"; UPDATE ParkingCapacity SET currentCount=currentCount+1 WHERE vehicleType=\"TRUCK\";','localhost','2025-12-02 23:13:16'),(179,'admin','BACKUP_CREATE','SYSTEM',0,'GENERATED JSON BACKUP: backup-json-3-12-2025_8-36-55.json','CANNOT ROLLBACK FILE CREATION','127.0.0.1','2025-12-03 13:36:56');
/*!40000 ALTER TABLE `audit_log` ENABLE KEYS */;
UNLOCK TABLES;

--
-- Temporary view structure for view `currentparkedvehicles`
--

DROP TABLE IF EXISTS `currentparkedvehicles`;
/*!50001 DROP VIEW IF EXISTS `currentparkedvehicles`*/;
SET @saved_cs_client     = @@character_set_client;
/*!50503 SET character_set_client = utf8mb4 */;
/*!50001 CREATE VIEW `currentparkedvehicles` AS SELECT 
 1 AS `plateNumber`,
 1 AS `vehicleType`,
 1 AS `entryTime`,
 1 AS `minutes_parked`,
 1 AS `vehicle_type_description`*/;
SET character_set_client = @saved_cs_client;

--
-- Temporary view structure for view `dailyincomereport`
--

DROP TABLE IF EXISTS `dailyincomereport`;
/*!50001 DROP VIEW IF EXISTS `dailyincomereport`*/;
SET @saved_cs_client     = @@character_set_client;
/*!50503 SET character_set_client = utf8mb4 */;
/*!50001 CREATE VIEW `dailyincomereport` AS SELECT 
 1 AS `report_date`,
 1 AS `vehicleType`,
 1 AS `vehicle_type_description`,
 1 AS `vehicles_served`,
 1 AS `total_income`,
 1 AS `avg_duration_minutes`*/;
SET character_set_client = @saved_cs_client;

--
-- Table structure for table `parkingcapacity`
--

DROP TABLE IF EXISTS `parkingcapacity`;
/*!40101 SET @saved_cs_client     = @@character_set_client */;
/*!50503 SET character_set_client = utf8mb4 */;
CREATE TABLE `parkingcapacity` (
  `id` varchar(50) NOT NULL,
  `vehicleType` varchar(20) NOT NULL,
  `maxCapacity` int NOT NULL,
  `currentCount` int DEFAULT '0',
  `updatedAt` datetime DEFAULT CURRENT_TIMESTAMP ON UPDATE CURRENT_TIMESTAMP,
  PRIMARY KEY (`id`),
  UNIQUE KEY `vehicleType` (`vehicleType`),
  CONSTRAINT `parkingcapacity_ibfk_1` FOREIGN KEY (`vehicleType`) REFERENCES `vehicletype` (`type_name`)
) ENGINE=InnoDB DEFAULT CHARSET=utf8mb4 COLLATE=utf8mb4_0900_ai_ci;
/*!40101 SET character_set_client = @saved_cs_client */;

--
-- Dumping data for table `parkingcapacity`
--

LOCK TABLES `parkingcapacity` WRITE;
/*!40000 ALTER TABLE `parkingcapacity` DISABLE KEYS */;
INSERT INTO `parkingcapacity` VALUES ('290604b0-c1ad-11f0-9387-7427eaf2ac34','CAR',50,0,'2025-12-02 17:47:38'),('2906d461-c1ad-11f0-9387-7427eaf2ac34','MOTORCYCLE',30,0,'2025-12-02 17:50:56'),('2906d599-c1ad-11f0-9387-7427eaf2ac34','TRUCK',10,0,'2025-12-02 18:13:16');
/*!40000 ALTER TABLE `parkingcapacity` ENABLE KEYS */;
UNLOCK TABLES;

--
-- Table structure for table `parkingrate`
--

DROP TABLE IF EXISTS `parkingrate`;
/*!40101 SET @saved_cs_client     = @@character_set_client */;
/*!50503 SET character_set_client = utf8mb4 */;
CREATE TABLE `parkingrate` (
  `id` varchar(50) NOT NULL,
  `vehicleType` varchar(20) NOT NULL,
  `hourlyRate` decimal(10,2) NOT NULL,
  `dailyRate` decimal(10,2) NOT NULL,
  `createdAt` datetime DEFAULT CURRENT_TIMESTAMP,
  `updatedAt` datetime DEFAULT CURRENT_TIMESTAMP ON UPDATE CURRENT_TIMESTAMP,
  PRIMARY KEY (`id`),
  UNIQUE KEY `vehicleType` (`vehicleType`),
  CONSTRAINT `parkingrate_ibfk_1` FOREIGN KEY (`vehicleType`) REFERENCES `vehicletype` (`type_name`)
) ENGINE=InnoDB DEFAULT CHARSET=utf8mb4 COLLATE=utf8mb4_0900_ai_ci;
/*!40101 SET character_set_client = @saved_cs_client */;

--
-- Dumping data for table `parkingrate`
--

LOCK TABLES `parkingrate` WRITE;
/*!40000 ALTER TABLE `parkingrate` DISABLE KEYS */;
INSERT INTO `parkingrate` VALUES ('28e5b44d-c1ad-11f0-9387-7427eaf2ac34','CAR',20.00,200.00,'2025-11-14 17:56:30','2025-11-14 17:56:30'),('28e5c514-c1ad-11f0-9387-7427eaf2ac34','MOTORCYCLE',10.00,100.00,'2025-11-14 17:56:30','2025-11-14 17:56:30'),('28e5c8af-c1ad-11f0-9387-7427eaf2ac34','TRUCK',40.00,400.00,'2025-11-14 17:56:30','2025-11-14 17:56:30');
/*!40000 ALTER TABLE `parkingrate` ENABLE KEYS */;
UNLOCK TABLES;

--
-- Table structure for table `parkingsession`
--

DROP TABLE IF EXISTS `parkingsession`;
/*!40101 SET @saved_cs_client     = @@character_set_client */;
/*!50503 SET character_set_client = utf8mb4 */;
CREATE TABLE `parkingsession` (
  `id` varchar(50) NOT NULL,
  `vehicleId` varchar(50) NOT NULL,
  `plateNumber` varchar(20) NOT NULL,
  `vehicleType` varchar(20) NOT NULL,
  `entryTime` datetime NOT NULL,
  `exitTime` datetime DEFAULT NULL,
  `duration` int DEFAULT NULL COMMENT 'Duracin en minutos',
  `amount` decimal(10,2) DEFAULT NULL,
  `status` varchar(20) DEFAULT 'ACTIVE',
  `createdAt` datetime DEFAULT CURRENT_TIMESTAMP,
  `updatedAt` datetime DEFAULT CURRENT_TIMESTAMP ON UPDATE CURRENT_TIMESTAMP,
  PRIMARY KEY (`id`),
  KEY `idx_session_entry_time` (`entryTime`),
  KEY `idx_session_exit_time` (`exitTime`),
  KEY `idx_session_status` (`status`),
  KEY `idx_session_vehicle_type` (`vehicleType`),
  KEY `idx_session_plate` (`plateNumber`),
  KEY `idx_session_vehicle_id` (`vehicleId`),
  CONSTRAINT `parkingsession_ibfk_1` FOREIGN KEY (`vehicleId`) REFERENCES `vehicle` (`id`) ON DELETE CASCADE,
  CONSTRAINT `parkingsession_ibfk_2` FOREIGN KEY (`vehicleType`) REFERENCES `vehicletype` (`type_name`),
  CONSTRAINT `parkingsession_ibfk_3` FOREIGN KEY (`status`) REFERENCES `sessionstatus` (`status_name`)
) ENGINE=InnoDB DEFAULT CHARSET=utf8mb4 COLLATE=utf8mb4_0900_ai_ci;
/*!40101 SET character_set_client = @saved_cs_client */;

--
-- Dumping data for table `parkingsession`
--

LOCK TABLES `parkingsession` WRITE;
/*!40000 ALTER TABLE `parkingsession` DISABLE KEYS */;
INSERT INTO `parkingsession` VALUES ('05b67f12-cfd1-11f0-8587-7427eaf2ac34','05b6715a-cfd1-11f0-8587-7427eaf2ac34','CBJ619','TRUCK','2025-12-02 17:48:29','2025-12-02 18:13:16',24,40.00,'COMPLETED','2025-12-02 17:48:29','2025-12-02 18:13:16'),('085a68a4-ccb8-11f0-bb61-7427eaf2ac34','085a32a5-ccb8-11f0-bb61-7427eaf2ac34','FTY18F','MOTORCYCLE','2025-11-28 19:12:03','2025-12-02 12:11:10',5339,400.00,'COMPLETED','2025-11-28 19:12:03','2025-12-02 12:11:10'),('0982c2ab-cca9-11f0-bb61-7427eaf2ac34','0982b10e-cca9-11f0-bb61-7427eaf2ac34','ABC123','CAR','2025-11-28 17:24:42','2025-11-28 17:27:28',2,20.00,'COMPLETED','2025-11-28 17:24:42','2025-11-28 17:27:28'),('14e9dd19-cc9a-11f0-bb61-7427eaf2ac34','14e9cd88-cc9a-11f0-bb61-7427eaf2ac34','ABC123','CAR','2025-11-28 15:37:39','2025-11-28 17:19:04',101,40.00,'COMPLETED','2025-11-28 15:37:39','2025-11-28 17:19:04'),('158e4eaf-cb44-11f0-9bff-7427eaf2ac34','158e3e89-cb44-11f0-9bff-7427eaf2ac34','TEST123','CAR','2025-11-26 22:49:32','2025-11-26 22:53:53',4,20.00,'COMPLETED','2025-11-26 22:49:32','2025-11-26 22:53:53'),('18b1e9c8-cc9a-11f0-bb61-7427eaf2ac34','18b1ddb4-cc9a-11f0-bb61-7427eaf2ac34','OVF546','TRUCK','2025-11-28 15:37:45','2025-11-28 17:14:48',97,80.00,'COMPLETED','2025-11-28 15:37:45','2025-11-28 17:14:48'),('29ff27ec-cbbb-11f0-926e-7427eaf2ac34','29eece80-cbbb-11f0-926e-7427eaf2ac34','JHK150','CAR','2025-11-27 13:01:57','2025-11-27 21:03:28',481,180.00,'COMPLETED','2025-11-27 13:01:57','2025-11-27 21:03:28'),('3f984d0b-cc99-11f0-bb61-7427eaf2ac34','3f8ff203-cc99-11f0-bb61-7427eaf2ac34','FTY18F','MOTORCYCLE','2025-11-28 15:31:41','2025-11-28 17:21:31',109,20.00,'COMPLETED','2025-11-28 15:31:41','2025-11-28 17:21:31'),('50b6e25e-c1cf-11f0-ad5e-7427eaf2ac34','50b5c2a8-c1cf-11f0-ad5e-7427eaf2ac34','ABC123','MOTORCYCLE','2025-11-14 22:01:00','2025-11-14 23:08:20',67,20.00,'COMPLETED','2025-11-14 22:01:00','2025-11-14 23:08:20'),('50f99d45-c1ce-11f0-ad5e-7427eaf2ac34','50f7efa4-c1ce-11f0-ad5e-7427eaf2ac34','OVF546','MOTORCYCLE','2025-11-14 21:53:51','2025-11-14 21:59:47',5,10.00,'COMPLETED','2025-11-14 21:53:51','2025-11-14 21:59:47'),('55cb707f-c1ce-11f0-ad5e-7427eaf2ac34','55c9cb9a-c1ce-11f0-ad5e-7427eaf2ac34','FTY18F','TRUCK','2025-11-14 21:53:59','2025-11-14 21:59:50',5,40.00,'COMPLETED','2025-11-14 21:53:59','2025-11-14 21:59:50'),('599ae650-cb41-11f0-9bff-7427eaf2ac34','5982d8a5-cb41-11f0-9bff-7427eaf2ac34','OV546F','CAR','2025-11-26 22:29:58','2025-11-26 22:38:38',8,20.00,'COMPLETED','2025-11-26 22:29:58','2025-11-26 22:38:38'),('5a754023-ccab-11f0-bb61-7427eaf2ac34','5a730ca0-ccab-11f0-bb61-7427eaf2ac34','JHK150','TRUCK','2025-11-28 17:41:17','2025-11-28 17:46:21',5,40.00,'COMPLETED','2025-11-28 17:41:17','2025-11-28 17:46:21'),('5addd62b-c98c-11f0-b384-7427eaf2ac34','5addc92e-c98c-11f0-b384-7427eaf2ac34','ABC123','CAR','2025-11-24 18:21:50','2025-11-24 18:31:06',9,20.00,'COMPLETED','2025-11-24 18:21:50','2025-11-24 18:31:06'),('5c25792a-cb4f-11f0-9bff-7427eaf2ac34','5c2539de-cb4f-11f0-9bff-7427eaf2ac34','FTY18F','MOTORCYCLE','2025-11-27 00:10:15','2025-11-27 00:16:52',6,10.00,'COMPLETED','2025-11-27 00:10:15','2025-11-27 00:16:52'),('737be977-cb48-11f0-9bff-7427eaf2ac34','737bdb8a-cb48-11f0-9bff-7427eaf2ac34','JHK150','CAR','2025-11-26 23:20:48','2025-11-26 23:24:23',3,20.00,'COMPLETED','2025-11-26 23:20:48','2025-11-26 23:24:23'),('74ccca1e-ccac-11f0-bb61-7427eaf2ac34','74ccba00-ccac-11f0-bb61-7427eaf2ac34','ABC123','CAR','2025-11-28 17:49:11','2025-11-28 17:58:38',9,20.00,'COMPLETED','2025-11-28 17:49:11','2025-11-28 17:58:38'),('7f032ad6-cfd0-11f0-8587-7427eaf2ac34','7f0319c8-cfd0-11f0-8587-7427eaf2ac34','TEST999','CAR','2025-12-02 17:44:43','2025-12-02 17:47:38',2,20.00,'COMPLETED','2025-12-02 17:44:43','2025-12-02 17:47:38'),('8534e036-c1cf-11f0-ad5e-7427eaf2ac34','8534d956-c1cf-11f0-ad5e-7427eaf2ac34','OVF546','TRUCK','2025-11-14 22:02:28','2025-11-14 23:08:19',65,80.00,'COMPLETED','2025-11-14 22:02:28','2025-11-14 23:08:19'),('87ca07fa-c1cf-11f0-ad5e-7427eaf2ac34','87ca02d1-c1cf-11f0-ad5e-7427eaf2ac34','JHK150','TRUCK','2025-11-14 22:02:32','2025-11-14 23:08:18',65,80.00,'COMPLETED','2025-11-14 22:02:32','2025-11-14 23:08:18'),('8a3dadce-c1cf-11f0-ad5e-7427eaf2ac34','8a3c6119-c1cf-11f0-ad5e-7427eaf2ac34','FTY18F','MOTORCYCLE','2025-11-14 22:02:37','2025-11-14 23:08:17',65,20.00,'COMPLETED','2025-11-14 22:02:37','2025-11-14 23:08:17'),('8b7ffca5-cca9-11f0-bb61-7427eaf2ac34','8b7fee25-cca9-11f0-bb61-7427eaf2ac34','FTY18F','MOTORCYCLE','2025-11-28 17:28:21','2025-11-28 17:29:30',1,10.00,'COMPLETED','2025-11-28 17:28:21','2025-11-28 17:29:30'),('92962dd0-c4b0-11f0-b0ee-7427eaf2ac34','929608d5-c4b0-11f0-b0ee-7427eaf2ac34','ABC123','CAR','2025-11-18 13:58:30','2025-11-18 14:00:44',2,20.00,'COMPLETED','2025-11-18 13:58:30','2025-11-18 14:00:44'),('9333fe2d-cfbe-11f0-8587-7427eaf2ac34','93313d9a-cfbe-11f0-8587-7427eaf2ac34','OV546F','MOTORCYCLE','2025-12-02 15:36:26','2025-12-02 15:45:16',8,10.00,'COMPLETED','2025-12-02 15:36:26','2025-12-02 15:45:16'),('965925c4-cfc1-11f0-8587-7427eaf2ac34','965704c8-cfc1-11f0-8587-7427eaf2ac34','ABC123','TRUCK','2025-12-02 15:58:00','2025-12-02 15:59:22',1,40.00,'COMPLETED','2025-12-02 15:58:00','2025-12-02 15:59:22'),('a1c677a2-c1cf-11f0-ad5e-7427eaf2ac34','a1c4f5e7-c1cf-11f0-ad5e-7427eaf2ac34','TEST789','TRUCK','2025-11-14 22:03:16','2025-11-14 23:08:16',65,80.00,'COMPLETED','2025-11-14 22:03:16','2025-11-14 23:08:16'),('a48faca2-c1cf-11f0-ad5e-7427eaf2ac34','a48f9b1a-c1cf-11f0-ad5e-7427eaf2ac34','TEST999','MOTORCYCLE','2025-11-14 22:03:21','2025-11-14 23:08:15',64,20.00,'COMPLETED','2025-11-14 22:03:21','2025-11-14 23:08:15'),('ae861d3b-c366-11f0-9c02-7427eaf2ac34','ae82c7d8-c366-11f0-9c02-7427eaf2ac34','FTY18F','MOTORCYCLE','2025-11-16 22:37:03','2025-11-16 22:50:04',13,10.00,'COMPLETED','2025-11-16 22:37:03','2025-11-16 22:50:04'),('b77bc4bb-c9a4-11f0-b384-7427eaf2ac34','b77b9368-c9a4-11f0-b384-7427eaf2ac34','FTY18F','MOTORCYCLE','2025-11-24 21:16:13','2025-11-24 21:56:30',40,10.00,'COMPLETED','2025-11-24 21:16:13','2025-11-24 21:56:30'),('caa0f753-cfd0-11f0-8587-7427eaf2ac34','caa0e85a-cfd0-11f0-8587-7427eaf2ac34','FTY18F','MOTORCYCLE','2025-12-02 17:46:50','2025-12-02 17:50:56',4,10.00,'COMPLETED','2025-12-02 17:46:50','2025-12-02 17:50:56'),('ccc9213a-cb42-11f0-9bff-7427eaf2ac34','ccc90d9d-cb42-11f0-9bff-7427eaf2ac34','OVF546','CAR','2025-11-26 22:40:21','2025-11-26 22:40:38',0,20.00,'COMPLETED','2025-11-26 22:40:21','2025-11-26 22:40:38'),('d86cb4cd-cfca-11f0-8587-7427eaf2ac34','d86c93f6-cfca-11f0-8587-7427eaf2ac34','JHK150','CAR','2025-12-02 17:04:16','2025-12-02 17:18:04',13,20.00,'COMPLETED','2025-12-02 17:04:16','2025-12-02 17:18:04'),('dc859465-c1ce-11f0-ad5e-7427eaf2ac34','dc858ccf-c1ce-11f0-ad5e-7427eaf2ac34','TEST789','CAR','2025-11-14 21:57:45','2025-11-14 22:00:09',2,20.00,'COMPLETED','2025-11-14 21:57:45','2025-11-14 22:00:09'),('df09d831-c1ce-11f0-ad5e-7427eaf2ac34','df09d285-c1ce-11f0-ad5e-7427eaf2ac34','TEST999','CAR','2025-11-14 21:57:49','2025-11-14 22:00:08',2,20.00,'COMPLETED','2025-11-14 21:57:49','2025-11-14 22:00:08'),('e362c8ee-c1d8-11f0-ad5e-7427eaf2ac34','e3616189-c1d8-11f0-ad5e-7427eaf2ac34','JHK150','TRUCK','2025-11-14 23:09:32','2025-11-14 23:40:13',30,40.00,'COMPLETED','2025-11-14 23:09:32','2025-11-14 23:40:13'),('e5e1c950-c1ce-11f0-ad5e-7427eaf2ac34','e5e1c1a1-c1ce-11f0-ad5e-7427eaf2ac34','JHK150','TRUCK','2025-11-14 21:58:01','2025-11-14 22:00:06',2,40.00,'COMPLETED','2025-11-14 21:58:01','2025-11-14 22:00:06'),('f09cc0e4-c1d9-11f0-ad5e-7427eaf2ac34','f09ae94c-c1d9-11f0-ad5e-7427eaf2ac34','FTY18F','MOTORCYCLE','2025-11-14 23:17:03','2025-11-14 23:40:12',23,10.00,'COMPLETED','2025-11-14 23:17:03','2025-11-14 23:40:12'),('f6a5ac4d-cfc3-11f0-8587-7427eaf2ac34','f6a59d3c-cfc3-11f0-8587-7427eaf2ac34','ABC123','CAR','2025-12-02 16:15:01','2025-12-02 16:17:19',2,20.00,'COMPLETED','2025-12-02 16:15:01','2025-12-02 16:17:19'),('f7e35c2d-cb52-11f0-9bff-7427eaf2ac34','f7e34c63-cb52-11f0-9bff-7427eaf2ac34','ABC123','TRUCK','2025-11-27 00:36:05','2025-11-27 00:40:16',4,40.00,'COMPLETED','2025-11-27 00:36:05','2025-11-27 00:40:16'),('f95d78b5-c1cd-11f0-ad5e-7427eaf2ac34','f95bb5ef-c1cd-11f0-ad5e-7427eaf2ac34','ABC123','CAR','2025-11-14 21:51:24','2025-11-14 21:59:51',8,20.00,'COMPLETED','2025-11-14 21:51:24','2025-11-14 21:59:51'),('fc8d2881-cb45-11f0-9bff-7427eaf2ac34','fc8d19b6-cb45-11f0-9bff-7427eaf2ac34','TEST123','CAR','2025-11-26 23:03:09','2025-11-26 23:03:27',0,20.00,'COMPLETED','2025-11-26 23:03:09','2025-11-26 23:03:27');
/*!40000 ALTER TABLE `parkingsession` ENABLE KEYS */;
UNLOCK TABLES;

--
-- Temporary view structure for view `parkingspacesavailable`
--

DROP TABLE IF EXISTS `parkingspacesavailable`;
/*!50001 DROP VIEW IF EXISTS `parkingspacesavailable`*/;
SET @saved_cs_client     = @@character_set_client;
/*!50503 SET character_set_client = utf8mb4 */;
/*!50001 CREATE VIEW `parkingspacesavailable` AS SELECT 
 1 AS `vehicleType`,
 1 AS `vehicle_type_description`,
 1 AS `maxCapacity`,
 1 AS `currentCount`,
 1 AS `availableSpaces`*/;
SET character_set_client = @saved_cs_client;

--
-- Table structure for table `sessionstatus`
--

DROP TABLE IF EXISTS `sessionstatus`;
/*!40101 SET @saved_cs_client     = @@character_set_client */;
/*!50503 SET character_set_client = utf8mb4 */;
CREATE TABLE `sessionstatus` (
  `status_name` varchar(20) NOT NULL,
  `description` varchar(100) DEFAULT NULL,
  PRIMARY KEY (`status_name`)
) ENGINE=InnoDB DEFAULT CHARSET=utf8mb4 COLLATE=utf8mb4_0900_ai_ci;
/*!40101 SET character_set_client = @saved_cs_client */;

--
-- Dumping data for table `sessionstatus`
--

LOCK TABLES `sessionstatus` WRITE;
/*!40000 ALTER TABLE `sessionstatus` DISABLE KEYS */;
INSERT INTO `sessionstatus` VALUES ('ACTIVE','Activa'),('CANCELLED','Cancelada'),('COMPLETED','Completada');
/*!40000 ALTER TABLE `sessionstatus` ENABLE KEYS */;
UNLOCK TABLES;

--
-- Table structure for table `users`
--

DROP TABLE IF EXISTS `users`;
/*!40101 SET @saved_cs_client     = @@character_set_client */;
/*!50503 SET character_set_client = utf8mb4 */;
CREATE TABLE `users` (
  `id` varchar(50) NOT NULL,
  `username` varchar(50) NOT NULL,
  `password` varchar(255) NOT NULL,
  `email` varchar(100) DEFAULT NULL,
  `role` enum('ADMIN','OPERATOR') DEFAULT 'OPERATOR',
  `isActive` tinyint(1) DEFAULT '1',
  `createdAt` datetime DEFAULT CURRENT_TIMESTAMP,
  `updatedAt` datetime DEFAULT CURRENT_TIMESTAMP ON UPDATE CURRENT_TIMESTAMP,
  PRIMARY KEY (`id`),
  UNIQUE KEY `username` (`username`)
) ENGINE=InnoDB DEFAULT CHARSET=utf8mb4 COLLATE=utf8mb4_0900_ai_ci;
/*!40101 SET character_set_client = @saved_cs_client */;

--
-- Dumping data for table `users`
--

LOCK TABLES `users` WRITE;
/*!40000 ALTER TABLE `users` DISABLE KEYS */;
INSERT INTO `users` VALUES ('30e68280-e1b4-4f17-bc19-e9a12402c6de','jeimy.rl','$2b$10$tvwAfmdGpebrIis/1Lzqi.DMD8Ze/TXu/UNz82Q.17JLsfJVv3x76','jeimy.rl@example.com','OPERATOR',1,'2025-11-15 18:34:24','2025-11-16 21:55:51'),('8433a5ea-c0f0-490d-8a2a-9993399ae0b0','admin','$2b$10$IGND7ASOP.hspM4LOTqEpe0Alkbntpfnp0nRH32hrXkU7/ZrzYpG6','admin@parqueadero.com','ADMIN',1,'2025-11-14 21:19:33','2025-11-14 21:19:33'),('916fd3c4-60f8-4dd9-98f3-5a53bf036c8e','johntest','$2b$10$bi8cZ38C9qdmjbs3RPLZ8uaBsoWuUOUpNVaU0/zTmIvYcOYI8uicm','john@example.com','OPERATOR',1,'2025-11-15 17:51:18','2025-11-16 21:55:43'),('aab8cc09-4fc5-4720-b0be-9fc3671afbba','Operador','$2b$10$7iDGMKNEC9PO/nZP3jokW.UfBRXOgRVoohT2YzLUHBDvt6QVWejzW','operador@parqueadero.com','OPERATOR',1,'2025-11-16 21:08:03','2025-11-16 21:08:03');
/*!40000 ALTER TABLE `users` ENABLE KEYS */;
UNLOCK TABLES;

--
-- Table structure for table `vehicle`
--

DROP TABLE IF EXISTS `vehicle`;
/*!40101 SET @saved_cs_client     = @@character_set_client */;
/*!50503 SET character_set_client = utf8mb4 */;
CREATE TABLE `vehicle` (
  `id` varchar(50) NOT NULL,
  `plateNumber` varchar(20) NOT NULL,
  `vehicleType` varchar(20) NOT NULL,
  `entryTime` datetime DEFAULT CURRENT_TIMESTAMP,
  `exitTime` datetime DEFAULT NULL,
  `status` varchar(20) DEFAULT 'PARKED',
  `totalAmount` decimal(10,2) DEFAULT NULL,
  `createdAt` datetime DEFAULT CURRENT_TIMESTAMP,
  `updatedAt` datetime DEFAULT CURRENT_TIMESTAMP ON UPDATE CURRENT_TIMESTAMP,
  PRIMARY KEY (`id`),
  KEY `idx_vehicle_status` (`status`),
  KEY `idx_vehicle_entry_time` (`entryTime`),
  KEY `idx_vehicle_type` (`vehicleType`),
  KEY `idx_vehicle_plate` (`plateNumber`),
  CONSTRAINT `vehicle_ibfk_1` FOREIGN KEY (`vehicleType`) REFERENCES `vehicletype` (`type_name`),
  CONSTRAINT `vehicle_ibfk_2` FOREIGN KEY (`status`) REFERENCES `vehiclestatus` (`status_name`)
) ENGINE=InnoDB DEFAULT CHARSET=utf8mb4 COLLATE=utf8mb4_0900_ai_ci;
/*!40101 SET character_set_client = @saved_cs_client */;

--
-- Dumping data for table `vehicle`
--

LOCK TABLES `vehicle` WRITE;
/*!40000 ALTER TABLE `vehicle` DISABLE KEYS */;
INSERT INTO `vehicle` VALUES ('05b6715a-cfd1-11f0-8587-7427eaf2ac34','CBJ619','TRUCK','2025-12-02 17:48:29','2025-12-02 18:13:16','EXITED',40.00,'2025-12-02 17:48:29','2025-12-02 18:13:16'),('085a32a5-ccb8-11f0-bb61-7427eaf2ac34','FTY18F','MOTORCYCLE','2025-11-28 19:12:03','2025-12-02 12:11:10','EXITED',400.00,'2025-11-28 19:12:03','2025-12-02 12:11:10'),('0982b10e-cca9-11f0-bb61-7427eaf2ac34','ABC123','CAR','2025-11-28 17:24:42','2025-11-28 17:27:28','EXITED',20.00,'2025-11-28 17:24:42','2025-11-28 17:27:28'),('14e9cd88-cc9a-11f0-bb61-7427eaf2ac34','ABC123','CAR','2025-11-28 15:37:39','2025-11-28 17:19:04','EXITED',40.00,'2025-11-28 15:37:39','2025-11-28 17:19:04'),('158e3e89-cb44-11f0-9bff-7427eaf2ac34','TEST123','CAR','2025-11-26 22:49:32','2025-11-26 22:53:53','EXITED',20.00,'2025-11-26 22:49:32','2025-11-26 22:53:53'),('18b1ddb4-cc9a-11f0-bb61-7427eaf2ac34','OVF546','TRUCK','2025-11-28 15:37:45','2025-11-28 17:14:48','EXITED',80.00,'2025-11-28 15:37:45','2025-11-28 17:14:48'),('29ba4b02-c1ad-11f0-9387-7427eaf2ac34','ABC123','CAR','2025-11-14 17:56:32','2025-11-14 21:47:21','EXITED',80.00,'2025-11-14 17:56:32','2025-11-14 21:47:21'),('29c00346-c1ad-11f0-9387-7427eaf2ac34','XYZ789','MOTORCYCLE','2025-11-14 17:56:32','2025-11-14 21:48:01','EXITED',40.00,'2025-11-14 17:56:32','2025-11-14 21:48:01'),('29c005ae-c1ad-11f0-9387-7427eaf2ac34','DEF456','TRUCK','2025-11-14 17:56:32','2025-11-14 21:48:04','EXITED',160.00,'2025-11-14 17:56:32','2025-11-14 21:48:04'),('29eece80-cbbb-11f0-926e-7427eaf2ac34','JHK150','CAR','2025-11-27 13:01:57','2025-11-27 21:03:28','EXITED',180.00,'2025-11-27 13:01:57','2025-11-27 21:03:28'),('3f8ff203-cc99-11f0-bb61-7427eaf2ac34','FTY18F','MOTORCYCLE','2025-11-28 15:31:41','2025-11-28 17:21:31','EXITED',20.00,'2025-11-28 15:31:41','2025-11-28 17:21:31'),('50b5c2a8-c1cf-11f0-ad5e-7427eaf2ac34','ABC123','MOTORCYCLE','2025-11-14 22:01:00','2025-11-14 23:08:20','EXITED',20.00,'2025-11-14 22:01:00','2025-11-14 23:08:20'),('50f7efa4-c1ce-11f0-ad5e-7427eaf2ac34','OVF546','MOTORCYCLE','2025-11-14 21:53:51','2025-11-14 21:59:47','EXITED',10.00,'2025-11-14 21:53:51','2025-11-14 21:59:47'),('55c9cb9a-c1ce-11f0-ad5e-7427eaf2ac34','FTY18F','TRUCK','2025-11-14 21:53:59','2025-11-14 21:59:50','EXITED',40.00,'2025-11-14 21:53:59','2025-11-14 21:59:50'),('5982d8a5-cb41-11f0-9bff-7427eaf2ac34','OV546F','CAR','2025-11-26 22:29:58','2025-11-26 22:38:38','EXITED',20.00,'2025-11-26 22:29:58','2025-11-26 22:38:38'),('5a730ca0-ccab-11f0-bb61-7427eaf2ac34','JHK150','TRUCK','2025-11-28 17:41:17','2025-11-28 17:46:21','EXITED',40.00,'2025-11-28 17:41:17','2025-11-28 17:46:21'),('5addc92e-c98c-11f0-b384-7427eaf2ac34','ABC123','CAR','2025-11-24 18:21:50','2025-11-24 18:31:06','EXITED',20.00,'2025-11-24 18:21:50','2025-11-24 18:31:06'),('5c2539de-cb4f-11f0-9bff-7427eaf2ac34','FTY18F','MOTORCYCLE','2025-11-27 00:10:15','2025-11-27 00:16:52','EXITED',10.00,'2025-11-27 00:10:15','2025-11-27 00:16:52'),('737bdb8a-cb48-11f0-9bff-7427eaf2ac34','JHK150','CAR','2025-11-26 23:20:48','2025-11-26 23:24:23','EXITED',20.00,'2025-11-26 23:20:48','2025-11-26 23:24:23'),('74ccba00-ccac-11f0-bb61-7427eaf2ac34','ABC123','CAR','2025-11-28 17:49:11','2025-11-28 17:58:38','EXITED',20.00,'2025-11-28 17:49:11','2025-11-28 17:58:38'),('7f0319c8-cfd0-11f0-8587-7427eaf2ac34','TEST999','CAR','2025-12-02 17:44:43','2025-12-02 17:47:38','EXITED',20.00,'2025-12-02 17:44:43','2025-12-02 17:47:38'),('8534d956-c1cf-11f0-ad5e-7427eaf2ac34','OVF546','TRUCK','2025-11-14 22:02:28','2025-11-14 23:08:19','EXITED',80.00,'2025-11-14 22:02:28','2025-11-14 23:08:19'),('87ca02d1-c1cf-11f0-ad5e-7427eaf2ac34','JHK150','TRUCK','2025-11-14 22:02:32','2025-11-14 23:08:18','EXITED',80.00,'2025-11-14 22:02:32','2025-11-14 23:08:18'),('8a3c6119-c1cf-11f0-ad5e-7427eaf2ac34','FTY18F','MOTORCYCLE','2025-11-14 22:02:37','2025-11-14 23:08:17','EXITED',20.00,'2025-11-14 22:02:37','2025-11-14 23:08:17'),('8b7fee25-cca9-11f0-bb61-7427eaf2ac34','FTY18F','MOTORCYCLE','2025-11-28 17:28:21','2025-11-28 17:29:30','EXITED',10.00,'2025-11-28 17:28:21','2025-11-28 17:29:30'),('929608d5-c4b0-11f0-b0ee-7427eaf2ac34','ABC123','CAR','2025-11-18 13:58:30','2025-11-18 14:00:44','EXITED',20.00,'2025-11-18 13:58:30','2025-11-18 14:00:44'),('93313d9a-cfbe-11f0-8587-7427eaf2ac34','OV546F','MOTORCYCLE','2025-12-02 15:36:26','2025-12-02 15:45:16','EXITED',10.00,'2025-12-02 15:36:26','2025-12-02 15:45:16'),('965704c8-cfc1-11f0-8587-7427eaf2ac34','ABC123','TRUCK','2025-12-02 15:58:00','2025-12-02 15:59:22','EXITED',40.00,'2025-12-02 15:58:00','2025-12-02 15:59:22'),('a1c4f5e7-c1cf-11f0-ad5e-7427eaf2ac34','TEST789','TRUCK','2025-11-14 22:03:16','2025-11-14 23:08:16','EXITED',80.00,'2025-11-14 22:03:16','2025-11-14 23:08:16'),('a48f9b1a-c1cf-11f0-ad5e-7427eaf2ac34','TEST999','MOTORCYCLE','2025-11-14 22:03:21','2025-11-14 23:08:15','EXITED',20.00,'2025-11-14 22:03:21','2025-11-14 23:08:15'),('ae82c7d8-c366-11f0-9c02-7427eaf2ac34','FTY18F','MOTORCYCLE','2025-11-16 22:37:03','2025-11-16 22:50:04','EXITED',10.00,'2025-11-16 22:37:03','2025-11-16 22:50:04'),('b77b9368-c9a4-11f0-b384-7427eaf2ac34','FTY18F','MOTORCYCLE','2025-11-24 21:16:13','2025-11-24 21:56:30','EXITED',10.00,'2025-11-24 21:16:13','2025-11-24 21:56:30'),('caa0e85a-cfd0-11f0-8587-7427eaf2ac34','FTY18F','MOTORCYCLE','2025-12-02 17:46:50','2025-12-02 17:50:56','EXITED',10.00,'2025-12-02 17:46:50','2025-12-02 17:50:56'),('ccc90d9d-cb42-11f0-9bff-7427eaf2ac34','OVF546','CAR','2025-11-26 22:40:21','2025-11-26 22:40:38','EXITED',20.00,'2025-11-26 22:40:21','2025-11-26 22:40:38'),('d86c93f6-cfca-11f0-8587-7427eaf2ac34','JHK150','CAR','2025-12-02 17:04:16','2025-12-02 17:18:04','EXITED',20.00,'2025-12-02 17:04:16','2025-12-02 17:18:04'),('dc858ccf-c1ce-11f0-ad5e-7427eaf2ac34','TEST789','CAR','2025-11-14 21:57:45','2025-11-14 22:00:09','EXITED',20.00,'2025-11-14 21:57:45','2025-11-14 22:00:09'),('df09d285-c1ce-11f0-ad5e-7427eaf2ac34','TEST999','CAR','2025-11-14 21:57:49','2025-11-14 22:00:08','EXITED',20.00,'2025-11-14 21:57:49','2025-11-14 22:00:08'),('e3616189-c1d8-11f0-ad5e-7427eaf2ac34','JHK150','TRUCK','2025-11-14 23:09:32','2025-11-14 23:40:13','EXITED',40.00,'2025-11-14 23:09:32','2025-11-14 23:40:13'),('e5e1c1a1-c1ce-11f0-ad5e-7427eaf2ac34','JHK150','TRUCK','2025-11-14 21:58:01','2025-11-14 22:00:06','EXITED',40.00,'2025-11-14 21:58:01','2025-11-14 22:00:06'),('f09ae94c-c1d9-11f0-ad5e-7427eaf2ac34','FTY18F','MOTORCYCLE','2025-11-14 23:17:03','2025-11-14 23:40:12','EXITED',10.00,'2025-11-14 23:17:03','2025-11-14 23:40:12'),('f6a59d3c-cfc3-11f0-8587-7427eaf2ac34','ABC123','CAR','2025-12-02 16:15:01','2025-12-02 16:17:19','EXITED',20.00,'2025-12-02 16:15:01','2025-12-02 16:17:19'),('f7e34c63-cb52-11f0-9bff-7427eaf2ac34','ABC123','TRUCK','2025-11-27 00:36:05','2025-11-27 00:40:16','EXITED',40.00,'2025-11-27 00:36:05','2025-11-27 00:40:16'),('f95bb5ef-c1cd-11f0-ad5e-7427eaf2ac34','ABC123','CAR','2025-11-14 21:51:24','2025-11-14 21:59:51','EXITED',20.00,'2025-11-14 21:51:24','2025-11-14 21:59:51'),('fc8d19b6-cb45-11f0-9bff-7427eaf2ac34','TEST123','CAR','2025-11-26 23:03:09','2025-11-26 23:03:27','EXITED',20.00,'2025-11-26 23:03:09','2025-11-26 23:03:27');
/*!40000 ALTER TABLE `vehicle` ENABLE KEYS */;
UNLOCK TABLES;
/*!50003 SET @saved_cs_client      = @@character_set_client */ ;
/*!50003 SET @saved_cs_results     = @@character_set_results */ ;
/*!50003 SET @saved_col_connection = @@collation_connection */ ;
/*!50003 SET character_set_client  = utf8mb4 */ ;
/*!50003 SET character_set_results = utf8mb4 */ ;
/*!50003 SET collation_connection  = utf8mb4_0900_ai_ci */ ;
/*!50003 SET @saved_sql_mode       = @@sql_mode */ ;
/*!50003 SET sql_mode              = 'ONLY_FULL_GROUP_BY,STRICT_TRANS_TABLES,NO_ZERO_IN_DATE,NO_ZERO_DATE,ERROR_FOR_DIVISION_BY_ZERO,NO_ENGINE_SUBSTITUTION' */ ;
DELIMITER ;;
/*!50003 CREATE*/ /*!50017 DEFINER=`root`@`localhost`*/ /*!50003 TRIGGER `after_vehicle_update` AFTER UPDATE ON `vehicle` FOR EACH ROW BEGIN
    IF NEW.status = 'EXITED' AND OLD.status = 'PARKED' THEN
        UPDATE ParkingSession 
        SET exitTime = NEW.exitTime,
            duration = TIMESTAMPDIFF(MINUTE, entryTime, NEW.exitTime),
            amount = NEW.totalAmount,
            status = 'COMPLETED',
            updatedAt = NOW()
        WHERE vehicleId = NEW.id AND status = 'ACTIVE';
    END IF;
END */;;
DELIMITER ;
/*!50003 SET sql_mode              = @saved_sql_mode */ ;
/*!50003 SET character_set_client  = @saved_cs_client */ ;
/*!50003 SET character_set_results = @saved_cs_results */ ;
/*!50003 SET collation_connection  = @saved_col_connection */ ;

--
-- Temporary view structure for view `vehiclehistory`
--

DROP TABLE IF EXISTS `vehiclehistory`;
/*!50001 DROP VIEW IF EXISTS `vehiclehistory`*/;
SET @saved_cs_client     = @@character_set_client;
/*!50503 SET character_set_client = utf8mb4 */;
/*!50001 CREATE VIEW `vehiclehistory` AS SELECT 
 1 AS `plateNumber`,
 1 AS `vehicleType`,
 1 AS `vehicle_type_description`,
 1 AS `entryTime`,
 1 AS `exitTime`,
 1 AS `duration`,
 1 AS `amount`,
 1 AS `status`,
 1 AS `status_description`*/;
SET character_set_client = @saved_cs_client;

--
-- Table structure for table `vehiclestatus`
--

DROP TABLE IF EXISTS `vehiclestatus`;
/*!40101 SET @saved_cs_client     = @@character_set_client */;
/*!50503 SET character_set_client = utf8mb4 */;
CREATE TABLE `vehiclestatus` (
  `status_name` varchar(20) NOT NULL,
  `description` varchar(100) DEFAULT NULL,
  PRIMARY KEY (`status_name`)
) ENGINE=InnoDB DEFAULT CHARSET=utf8mb4 COLLATE=utf8mb4_0900_ai_ci;
/*!40101 SET character_set_client = @saved_cs_client */;

--
-- Dumping data for table `vehiclestatus`
--

LOCK TABLES `vehiclestatus` WRITE;
/*!40000 ALTER TABLE `vehiclestatus` DISABLE KEYS */;
INSERT INTO `vehiclestatus` VALUES ('EXITED','Salido'),('PARKED','Estacionado');
/*!40000 ALTER TABLE `vehiclestatus` ENABLE KEYS */;
UNLOCK TABLES;

--
-- Table structure for table `vehicletype`
--

DROP TABLE IF EXISTS `vehicletype`;
/*!40101 SET @saved_cs_client     = @@character_set_client */;
/*!50503 SET character_set_client = utf8mb4 */;
CREATE TABLE `vehicletype` (
  `type_name` varchar(20) NOT NULL,
  `description` varchar(100) DEFAULT NULL,
  PRIMARY KEY (`type_name`)
) ENGINE=InnoDB DEFAULT CHARSET=utf8mb4 COLLATE=utf8mb4_0900_ai_ci;
/*!40101 SET character_set_client = @saved_cs_client */;

--
-- Dumping data for table `vehicletype`
--

LOCK TABLES `vehicletype` WRITE;
/*!40000 ALTER TABLE `vehicletype` DISABLE KEYS */;
INSERT INTO `vehicletype` VALUES ('CAR','Automvil'),('MOTORCYCLE','Motocicleta'),('TRUCK','Camin');
/*!40000 ALTER TABLE `vehicletype` ENABLE KEYS */;
UNLOCK TABLES;

--
-- Final view structure for view `currentparkedvehicles`
--

/*!50001 DROP VIEW IF EXISTS `currentparkedvehicles`*/;
/*!50001 SET @saved_cs_client          = @@character_set_client */;
/*!50001 SET @saved_cs_results         = @@character_set_results */;
/*!50001 SET @saved_col_connection     = @@collation_connection */;
/*!50001 SET character_set_client      = utf8mb4 */;
/*!50001 SET character_set_results     = utf8mb4 */;
/*!50001 SET collation_connection      = utf8mb4_0900_ai_ci */;
/*!50001 CREATE ALGORITHM=UNDEFINED */
/*!50013 DEFINER=`root`@`localhost` SQL SECURITY DEFINER */
/*!50001 VIEW `currentparkedvehicles` AS select `v`.`plateNumber` AS `plateNumber`,`v`.`vehicleType` AS `vehicleType`,`v`.`entryTime` AS `entryTime`,timestampdiff(MINUTE,`v`.`entryTime`,now()) AS `minutes_parked`,`vt`.`description` AS `vehicle_type_description` from (`vehicle` `v` join `vehicletype` `vt` on((`v`.`vehicleType` = `vt`.`type_name`))) where (`v`.`status` = 'PARKED') */;
/*!50001 SET character_set_client      = @saved_cs_client */;
/*!50001 SET character_set_results     = @saved_cs_results */;
/*!50001 SET collation_connection      = @saved_col_connection */;

--
-- Final view structure for view `dailyincomereport`
--

/*!50001 DROP VIEW IF EXISTS `dailyincomereport`*/;
/*!50001 SET @saved_cs_client          = @@character_set_client */;
/*!50001 SET @saved_cs_results         = @@character_set_results */;
/*!50001 SET @saved_col_connection     = @@collation_connection */;
/*!50001 SET character_set_client      = utf8mb4 */;
/*!50001 SET character_set_results     = utf8mb4 */;
/*!50001 SET collation_connection      = utf8mb4_0900_ai_ci */;
/*!50001 CREATE ALGORITHM=UNDEFINED */
/*!50013 DEFINER=`root`@`localhost` SQL SECURITY DEFINER */
/*!50001 VIEW `dailyincomereport` AS select cast(`ps`.`exitTime` as date) AS `report_date`,`ps`.`vehicleType` AS `vehicleType`,`vt`.`description` AS `vehicle_type_description`,count(0) AS `vehicles_served`,coalesce(sum(`ps`.`amount`),0) AS `total_income`,avg(`ps`.`duration`) AS `avg_duration_minutes` from (`parkingsession` `ps` join `vehicletype` `vt` on((`ps`.`vehicleType` = `vt`.`type_name`))) where ((`ps`.`status` = 'COMPLETED') and (`ps`.`exitTime` is not null)) group by cast(`ps`.`exitTime` as date),`ps`.`vehicleType`,`vt`.`description` */;
/*!50001 SET character_set_client      = @saved_cs_client */;
/*!50001 SET character_set_results     = @saved_cs_results */;
/*!50001 SET collation_connection      = @saved_col_connection */;

--
-- Final view structure for view `parkingspacesavailable`
--

/*!50001 DROP VIEW IF EXISTS `parkingspacesavailable`*/;
/*!50001 SET @saved_cs_client          = @@character_set_client */;
/*!50001 SET @saved_cs_results         = @@character_set_results */;
/*!50001 SET @saved_col_connection     = @@collation_connection */;
/*!50001 SET character_set_client      = utf8mb4 */;
/*!50001 SET character_set_results     = utf8mb4 */;
/*!50001 SET collation_connection      = utf8mb4_0900_ai_ci */;
/*!50001 CREATE ALGORITHM=UNDEFINED */
/*!50013 DEFINER=`root`@`localhost` SQL SECURITY DEFINER */
/*!50001 VIEW `parkingspacesavailable` AS select `pc`.`vehicleType` AS `vehicleType`,`vt`.`description` AS `vehicle_type_description`,`pc`.`maxCapacity` AS `maxCapacity`,`pc`.`currentCount` AS `currentCount`,(`pc`.`maxCapacity` - `pc`.`currentCount`) AS `availableSpaces` from (`parkingcapacity` `pc` join `vehicletype` `vt` on((`pc`.`vehicleType` = `vt`.`type_name`))) */;
/*!50001 SET character_set_client      = @saved_cs_client */;
/*!50001 SET character_set_results     = @saved_cs_results */;
/*!50001 SET collation_connection      = @saved_col_connection */;

--
-- Final view structure for view `vehiclehistory`
--

/*!50001 DROP VIEW IF EXISTS `vehiclehistory`*/;
/*!50001 SET @saved_cs_client          = @@character_set_client */;
/*!50001 SET @saved_cs_results         = @@character_set_results */;
/*!50001 SET @saved_col_connection     = @@collation_connection */;
/*!50001 SET character_set_client      = utf8mb4 */;
/*!50001 SET character_set_results     = utf8mb4 */;
/*!50001 SET collation_connection      = utf8mb4_0900_ai_ci */;
/*!50001 CREATE ALGORITHM=UNDEFINED */
/*!50013 DEFINER=`root`@`localhost` SQL SECURITY DEFINER */
/*!50001 VIEW `vehiclehistory` AS select `ps`.`plateNumber` AS `plateNumber`,`ps`.`vehicleType` AS `vehicleType`,`vt`.`description` AS `vehicle_type_description`,`ps`.`entryTime` AS `entryTime`,`ps`.`exitTime` AS `exitTime`,`ps`.`duration` AS `duration`,`ps`.`amount` AS `amount`,`ps`.`status` AS `status`,`ss`.`description` AS `status_description` from ((`parkingsession` `ps` join `vehicletype` `vt` on((`ps`.`vehicleType` = `vt`.`type_name`))) join `sessionstatus` `ss` on((`ps`.`status` = `ss`.`status_name`))) order by `ps`.`entryTime` desc */;
/*!50001 SET character_set_client      = @saved_cs_client */;
/*!50001 SET character_set_results     = @saved_cs_results */;
/*!50001 SET collation_connection      = @saved_col_connection */;
/*!40103 SET TIME_ZONE=@OLD_TIME_ZONE */;

/*!40101 SET SQL_MODE=@OLD_SQL_MODE */;
/*!40014 SET FOREIGN_KEY_CHECKS=@OLD_FOREIGN_KEY_CHECKS */;
/*!40014 SET UNIQUE_CHECKS=@OLD_UNIQUE_CHECKS */;
/*!40101 SET CHARACTER_SET_CLIENT=@OLD_CHARACTER_SET_CLIENT */;
/*!40101 SET CHARACTER_SET_RESULTS=@OLD_CHARACTER_SET_RESULTS */;
/*!40101 SET COLLATION_CONNECTION=@OLD_COLLATION_CONNECTION */;
/*!40111 SET SQL_NOTES=@OLD_SQL_NOTES */;

-- Dump completed on 2025-12-03 13:37:25
